"ID","AUTHOR","FILENAME","DATEEXECUTED","ORDEREXECUTED","EXECTYPE","MD5SUM","DESCRIPTION","COMMENTS","TAG","LIQUIBASE","CONTEXTS","LABELS","DEPLOYMENT_ID"
"init-1","limit (generated)","db/changelog/initial_schema_table.yaml","2023-10-25T09:22:15.656","1","EXECUTED","8:c335c4b03ca0759ce7dc22428ec3b6a6","createTable tableName=ipa_alerta","","","4.4.3","()","","8218535166"
"init-2","limit (generated)","db/changelog/initial_schema_table.yaml","2023-10-25T09:22:15.706","2","EXECUTED","8:5c0c5310db3082f9adc84fbf65552cb0","createTable tableName=ipa_carpeta","","","4.4.3","()","","8218535166"
"init-3","limit (generated)","db/changelog/initial_schema_table.yaml","2023-10-25T09:22:15.718","3","EXECUTED","8:18db80d9049aa465869ef9d5a76d0d99","createTable tableName=ipa_contingut","","","4.4.3","()","","8218535166"
"init-5","limit (generated)","db/changelog/initial_schema_table.yaml","2023-10-25T09:22:15.734","4","EXECUTED","8:7b18beb8f854ea92c357dc005b48c8f9","createTable tableName=ipa_cont_log","","","4.4.3","()","","8218535166"
"init-6","limit (generated)","db/changelog/initial_schema_table.yaml","2023-10-25T09:22:15.75","5","EXECUTED","8:e68c4093daafc96f7ad94ae14c270804","createTable tableName=ipa_cont_mov","","","4.4.3","()","","8218535166"
"init-7","limit (generated)","db/changelog/initial_schema_table.yaml","2023-10-25T09:22:15.765","6","EXECUTED","8:c4535303add7ab9069fd1f4c7e143068","createTable tableName=ipa_dada","","","4.4.3","()","","8218535166"
"init-8","limit (generated)","db/changelog/initial_schema_table.yaml","2023-10-25T09:22:15.779","7","EXECUTED","8:313516a5fc69d4f2781d332ec1d82280","createTable tableName=ipa_document","","","4.4.3","()","","8218535166"
"init-9","limit (generated)","db/changelog/initial_schema_table.yaml","2023-10-25T09:22:15.792","8","EXECUTED","8:d049437416903654e8cb00d07fecee2d","createTable tableName=ipa_document_enviament","","","4.4.3","()","","8218535166"
"init-10","limit (generated)","db/changelog/initial_schema_table.yaml","2023-10-25T09:22:15.809","9","EXECUTED","8:e513c569a9bf86675a8bf72acee48bf9","createTable tableName=ipa_document_enviament_dis","","","4.4.3","()","","8218535166"
"init-11","limit (generated)","db/changelog/initial_schema_table.yaml","2023-10-25T09:22:15.825","10","EXECUTED","8:2c503b00f58f0945a46631ebf50bcba9","createTable tableName=ipa_document_enviament_doc","","","4.4.3","()","","8218535166"
"init-12","limit (generated)","db/changelog/initial_schema_table.yaml","2023-10-25T09:22:15.842","11","EXECUTED","8:33a239de03b92b2994e3df0636c4e0de","createTable tableName=ipa_document_enviament_inter","","","4.4.3","()","","8218535166"
"init-13","limit (generated)","db/changelog/initial_schema_table.yaml","2023-10-25T09:22:15.855","12","EXECUTED","8:90c0e158672ad81c559b4a6a12abecd1","createTable tableName=ipa_domini","","","4.4.3","()","","8218535166"
"init-14","limit (generated)","db/changelog/initial_schema_table.yaml","2023-10-25T09:22:15.874","13","EXECUTED","8:e7cf8f7ce89e3f1a99a839f420ec5d50","createTable tableName=ipa_email_pendent_enviar","","","4.4.3","()","","8218535166"
"init-15","limit (generated)","db/changelog/initial_schema_table.yaml","2023-10-25T09:22:15.892","14","EXECUTED","8:c9f645c63c9df6ac3d1e6b893791911c","createTable tableName=ipa_entitat","","","4.4.3","()","","8218535166"
"init-16","limit (generated)","db/changelog/initial_schema_table.yaml","2023-10-25T09:22:15.91","15","EXECUTED","8:c1498d10a40b963afee3b628460d9fd7","createTable tableName=ipa_execucio_massiva","","","4.4.3","()","","8218535166"
"init-17","limit (generated)","db/changelog/initial_schema_table.yaml","2023-10-25T09:22:15.925","16","EXECUTED","8:f18c8ee6e2c110163f3873b0daaffd13","createTable tableName=ipa_expedient","","","4.4.3","()","","8218535166"
"init-18","limit (generated)","db/changelog/initial_schema_table.yaml","2023-10-25T09:22:15.943","17","EXECUTED","8:e2b43c0f8090e96d5ce122ae77585a32","createTable tableName=ipa_expedient_estat","","","4.4.3","()","","8218535166"
"init-20","limit (generated)","db/changelog/initial_schema_table.yaml","2023-10-25T09:22:15.958","18","EXECUTED","8:50f2871c8130c51581c84a54bdaa1bef","createTable tableName=ipa_expedient_interessat","","","4.4.3","()","","8218535166"
"init-21","limit (generated)","db/changelog/initial_schema_table.yaml","2023-10-25T09:22:15.972","19","EXECUTED","8:390fe1c0d2e9975321a1e1748fa5f3a5","createTable tableName=ipa_expedient_organpare","","","4.4.3","()","","8218535166"
"init-22","limit (generated)","db/changelog/initial_schema_table.yaml","2023-10-25T09:22:15.986","20","EXECUTED","8:3569222b54a61f93d091b70cc14bfa1b","createTable tableName=ipa_expedient_peticio","","","4.4.3","()","","8218535166"
"init-23","limit (generated)","db/changelog/initial_schema_table.yaml","2023-10-25T09:22:15.999","21","EXECUTED","8:fa50129966d39e095434a5bb2e0a0034","createTable tableName=ipa_expedient_rel","","","4.4.3","()","","8218535166"
"init-24","limit (generated)","db/changelog/initial_schema_table.yaml","2023-10-25T09:22:16.016","22","EXECUTED","8:83a8991094233578a36f63c7a835968c","createTable tableName=ipa_expedient_seguidor","","","4.4.3","()","","8218535166"
"init-25","limit (generated)","db/changelog/initial_schema_table.yaml","2023-10-25T09:22:16.029","23","EXECUTED","8:6c178b0b571ecf667f5a95f429bb526f","createTable tableName=ipa_expedient_tasca","","","4.4.3","()","","8218535166"
"init-26","limit (generated)","db/changelog/initial_schema_table.yaml","2023-10-25T09:22:16.042","24","EXECUTED","8:f57300c0f2b23ea909108a5138315829","createTable tableName=ipa_exp_comment","","","4.4.3","()","","8218535166"
"init-27","limit (generated)","db/changelog/initial_schema_table.yaml","2023-10-25T09:22:16.054","25","EXECUTED","8:797d5333094b183c7feebcccf03b8a0a","createTable tableName=ipa_grup","","","4.4.3","()","","8218535166"
"init-28","limit (generated)","db/changelog/initial_schema_table.yaml","2023-10-25T09:22:16.066","26","EXECUTED","8:b3a9b5ef52867e120a5e08284724e18d","createTable tableName=ipa_historic","","","4.4.3","()","","8218535166"
"init-29","limit (generated)","db/changelog/initial_schema_table.yaml","2023-10-25T09:22:16.084","27","EXECUTED","8:bb2cb7ab3109c6a9da91b5d89786de86","createTable tableName=ipa_hist_expedient","","","4.4.3","()","","8218535166"
"init-30","limit (generated)","db/changelog/initial_schema_table.yaml","2023-10-25T09:22:16.096","28","EXECUTED","8:9d9a8e41d379c272c929dd9d8cff70ed","createTable tableName=ipa_hist_exp_interessat","","","4.4.3","()","","8218535166"
"init-31","limit (generated)","db/changelog/initial_schema_table.yaml","2023-10-25T09:22:16.109","29","EXECUTED","8:8b8e816b140dee57f71f91eb4688cc51","createTable tableName=ipa_hist_exp_usuari","","","4.4.3","()","","8218535166"
"init-32","limit (generated)","db/changelog/initial_schema_table.yaml","2023-10-25T09:22:16.122","30","EXECUTED","8:506b6c5508e1b4a0c66db363ed74ec12","createTable tableName=ipa_interessat","","","4.4.3","()","","8218535166"
"init-33","limit (generated)","db/changelog/initial_schema_table.yaml","2023-10-25T09:22:16.134","31","EXECUTED","8:3a5f53c1860b46a6b909fa7af4c71514","createTable tableName=ipa_massiva_contingut","","","4.4.3","()","","8218535166"
"init-34","limit (generated)","db/changelog/initial_schema_table.yaml","2023-10-25T09:22:16.15","32","EXECUTED","8:4e211ce66a00b19df36745ec861e6beb","createTable tableName=ipa_metadada","","","4.4.3","()","","8218535166"
"init-35","limit (generated)","db/changelog/initial_schema_table.yaml","2023-10-25T09:22:16.163","33","EXECUTED","8:d21defa69d418fec3c064d3536fd7868","createTable tableName=ipa_metadocument","","","4.4.3","()","","8218535166"
"init-36","limit (generated)","db/changelog/initial_schema_table.yaml","2023-10-25T09:22:16.179","34","EXECUTED","8:e1d1ff97917e1e4eedf18e1a64cc828e","createTable tableName=ipa_metaexpedient","","","4.4.3","()","","8218535166"
"init-37","limit (generated)","db/changelog/initial_schema_table.yaml","2023-10-25T09:22:16.191","35","EXECUTED","8:4313bd451298e05e2c5b3be9277fcf89","createTable tableName=ipa_metaexpedient_carpeta","","","4.4.3","()","","8218535166"
"init-38","limit (generated)","db/changelog/initial_schema_table.yaml","2023-10-25T09:22:16.207","36","EXECUTED","8:d410e79877207e3e2f6aae62f8f4bc08","createTable tableName=ipa_metaexpedient_grup","","","4.4.3","()","","8218535166"
"init-40","limit (generated)","db/changelog/initial_schema_table.yaml","2023-10-25T09:22:16.223","37","EXECUTED","8:ab0695ae618c767333b727bb19d21f45","createTable tableName=ipa_metaexp_organ","","","4.4.3","()","","8218535166"
"init-41","limit (generated)","db/changelog/initial_schema_table.yaml","2023-10-25T09:22:16.238","38","EXECUTED","8:cb239986d02f9435deb51c64c3d6a569","createTable tableName=ipa_metaexp_seq","","","4.4.3","()","","8218535166"
"init-42","limit (generated)","db/changelog/initial_schema_table.yaml","2023-10-25T09:22:16.25","39","EXECUTED","8:054a270e44a60ff0ee7fab365092a315","createTable tableName=ipa_metaexp_tasca","","","4.4.3","()","","8218535166"
"init-43","limit (generated)","db/changelog/initial_schema_table.yaml","2023-10-25T09:22:16.263","40","EXECUTED","8:4b93033fcc31d9719b2b6190b2dbe2e9","createTable tableName=ipa_metanode","","","4.4.3","()","","8218535166"
"init-45","limit (generated)","db/changelog/initial_schema_table.yaml","2023-10-25T09:22:16.276","41","EXECUTED","8:33b87d0d44fe8fe0442d77a1a682bd50","createTable tableName=ipa_node","","","4.4.3","()","","8218535166"
"init-46","limit (generated)","db/changelog/initial_schema_table.yaml","2023-10-25T09:22:16.288","42","EXECUTED","8:b5b0cf512de8d74dae90c251295f6ad7","createTable tableName=ipa_organ_gestor","","","4.4.3","()","","8218535166"
"init-47","limit (generated)","db/changelog/initial_schema_table.yaml","2023-10-25T09:22:16.301","43","EXECUTED","8:c6179c36913968348f63550001ae600a","createTable tableName=ipa_portafirmes_block","","","4.4.3","()","","8218535166"
"init-48","limit (generated)","db/changelog/initial_schema_table.yaml","2023-10-25T09:22:16.313","44","EXECUTED","8:e7a633874fe44fd61143e2be24d80e6f","createTable tableName=ipa_portafirmes_block_info","","","4.4.3","()","","8218535166"
"init-49","limit (generated)","db/changelog/initial_schema_table.yaml","2023-10-25T09:22:16.325","45","EXECUTED","8:e64581bc513979e36a06b0970ef806a6","createTable tableName=ipa_registre","","","4.4.3","()","","8218535166"
"init-50","limit (generated)","db/changelog/initial_schema_table.yaml","2023-10-25T09:22:16.338","46","EXECUTED","8:bf66e3e55e56e1b5cb1aadc8540ee736","createTable tableName=ipa_registre_annex","","","4.4.3","()","","8218535166"
"init-51","limit (generated)","db/changelog/initial_schema_table.yaml","2023-10-25T09:22:16.353","47","EXECUTED","8:7e252790256fc7e2596539907f305d9b","createTable tableName=ipa_registre_interessat","","","4.4.3","()","","8218535166"
"init-52","limit (generated)","db/changelog/initial_schema_table.yaml","2023-10-25T09:22:16.366","48","EXECUTED","8:e2287bd57867117743f86b35bedec537","createTable tableName=ipa_tipus_documental","","","4.4.3","()","","8218535166"
"init-53","limit (generated)","db/changelog/initial_schema_table.yaml","2023-10-25T09:22:16.382","49","EXECUTED","8:f9cea7eb4744690daa26ed4c61ac82b1","createTable tableName=ipa_usuari","","","4.4.3","()","","8218535166"
"init-54","limit (generated)","db/changelog/initial_schema_table.yaml","2023-10-25T09:22:16.394","50","EXECUTED","8:9cc5de22efd24309291b072e3e5876aa","createTable tableName=ipa_usuari_viafirma_ripea","","","4.4.3","()","","8218535166"
"init-55","limit (generated)","db/changelog/initial_schema_table.yaml","2023-10-25T09:22:16.41","51","EXECUTED","8:dfcd65ad8ef18b39c5c59188299673a2","createTable tableName=ipa_viafirma_usuari","","","4.4.3","()","","8218535166"
"init-56","limit (generated)","db/changelog/initial_schema_table.yaml","2023-10-25T09:22:16.422","52","EXECUTED","8:b0ffb0faddc8c1b83460de8f1a947893","createTable tableName=ipa_acl_sid","","","4.4.3","()","","8218535166"
"init-57","limit (generated)","db/changelog/initial_schema_table.yaml","2023-10-25T09:22:16.434","53","EXECUTED","8:3272238e62867a12396b4ba852865c3d","createTable tableName=ipa_acl_class","","","4.4.3","()","","8218535166"
"init-58","limit (generated)","db/changelog/initial_schema_table.yaml","2023-10-25T09:22:16.444","54","EXECUTED","8:2fa83367ae34b7cff66bbe2cc83ca012","createTable tableName=ipa_acl_object_identity","","","4.4.3","()","","8218535166"
"init-59","limit (generated)","db/changelog/initial_schema_table.yaml","2023-10-25T09:22:16.462","55","EXECUTED","8:ad23bab7121107c93e2a16ae81755d3c","createTable tableName=ipa_acl_entry","","","4.4.3","()","","8218535166"
"init-constraint-1","limit (generated)","db/changelog/initial_schema_constraint.yaml","2023-10-25T09:22:16.473","56","EXECUTED","8:71a54920645dc4e715e545b6b808a518","addForeignKeyConstraint baseTableName=ipa_expedient_peticio, constraintName=ipa_exp_pet_exp_fk, referencedTableName=ipa_expedient","","","4.4.3","()","","8218535166"
"init-constraint-2","limit (generated)","db/changelog/initial_schema_constraint.yaml","2023-10-25T09:22:16.486","57","EXECUTED","8:72818e47db1509b046ec85b1716155b2","addForeignKeyConstraint baseTableName=ipa_exp_comment, constraintName=ipa_exp_com_lastmodby_fk, referencedTableName=ipa_usuari","","","4.4.3","()","","8218535166"
"init-constraint-8","limit (generated)","db/changelog/initial_schema_constraint.yaml","2023-10-25T09:22:16.498","58","EXECUTED","8:2b8c932a1d1bd9a829588ed808c70cac","addForeignKeyConstraint baseTableName=ipa_expedient, constraintName=ipa_expedient_agafatper_fk, referencedTableName=ipa_usuari","","","4.4.3","()","","8218535166"
"init-constraint-9","limit (generated)","db/changelog/initial_schema_constraint.yaml","2023-10-25T09:22:16.51","59","EXECUTED","8:95008fcf90b907bc12335d148c824f57","addForeignKeyConstraint baseTableName=ipa_alerta, constraintName=ipa_alerta_contingut_fk, referencedTableName=ipa_contingut","","","4.4.3","()","","8218535166"
"init-constraint-10","limit (generated)","db/changelog/initial_schema_constraint.yaml","2023-10-25T09:22:16.521","60","EXECUTED","8:f6181eed874196a5630dc6785bca58e6","addForeignKeyConstraint baseTableName=ipa_carpeta, constraintName=ipa_carpeta_contingut_fk, referencedTableName=ipa_contingut","","","4.4.3","()","","8218535166"
"init-constraint-11","limit (generated)","db/changelog/initial_schema_constraint.yaml","2023-10-25T09:22:16.534","61","EXECUTED","8:7d2a588049d7429875039c2d3b28d38e","addForeignKeyConstraint baseTableName=ipa_massiva_contingut, constraintName=ipa_massiva_contingut_fk, referencedTableName=ipa_contingut","","","4.4.3","()","","8218535166"
"init-constraint-12","limit (generated)","db/changelog/initial_schema_constraint.yaml","2023-10-25T09:22:16.549","62","EXECUTED","8:59e4f4cd43b82126b3d84d718b34102e","addForeignKeyConstraint baseTableName=ipa_node, constraintName=ipa_node_contingut_fk, referencedTableName=ipa_contingut","","","4.4.3","()","","8218535166"
"init-constraint-13","limit (generated)","db/changelog/initial_schema_constraint.yaml","2023-10-25T09:22:16.561","63","EXECUTED","8:829f5ea5b3c98e80595cf1d5073ed788","addForeignKeyConstraint baseTableName=ipa_contingut, constraintName=ipa_contingut_contmov_fk, referencedTableName=ipa_cont_mov","","","4.4.3","()","","8218535166"
"init-constraint-14","limit (generated)","db/changelog/initial_schema_constraint.yaml","2023-10-25T09:22:16.575","64","EXECUTED","8:eb10e0ab6e4c289285c045519d38b959","addForeignKeyConstraint baseTableName=ipa_cont_log, constraintName=ipa_cont_log_cont_mov_fk, referencedTableName=ipa_cont_mov","","","4.4.3","()","","8218535166"
"init-constraint-15","limit (generated)","db/changelog/initial_schema_constraint.yaml","2023-10-25T09:22:16.587","65","EXECUTED","8:eb3f2d9e2a9dca4ca307f83dcc9f5979","addForeignKeyConstraint baseTableName=ipa_document_enviament_doc, constraintName=ipa_docenv_doc_docenv_fk, referencedTableName=ipa_document_enviament","","","4.4.3","()","","8218535166"
"init-constraint-16","limit (generated)","db/changelog/initial_schema_constraint.yaml","2023-10-25T09:22:16.599","66","EXECUTED","8:a76eb904c468d21b362c9951ee564274","addForeignKeyConstraint baseTableName=ipa_document_enviament_doc, constraintName=ipa_docenv_doct_document_fk, referencedTableName=ipa_document","","","4.4.3","()","","8218535166"
"init-constraint-17","limit (generated)","db/changelog/initial_schema_constraint.yaml","2023-10-25T09:22:16.611","67","EXECUTED","8:360e006fe77e976b162376d41340bc8b","addForeignKeyConstraint baseTableName=ipa_document_enviament, constraintName=ipa_doc_env_document_fk, referencedTableName=ipa_document","","","4.4.3","()","","8218535166"
"init-constraint-18","limit (generated)","db/changelog/initial_schema_constraint.yaml","2023-10-25T09:22:16.625","68","EXECUTED","8:fa795900b92e687c07e046a8f908d0b0","addForeignKeyConstraint baseTableName=ipa_document_enviament, constraintName=ipa_doc_env_doc_env_dis_fk, referencedTableName=ipa_document_enviament_dis","","","4.4.3","()","","8218535166"
"init-constraint-19","limit (generated)","db/changelog/initial_schema_constraint.yaml","2023-10-25T09:22:16.636","69","EXECUTED","8:487ad8dca2814a46bf7bbdb7f051f2f2","addForeignKeyConstraint baseTableName=ipa_contingut, constraintName=ipa_contingut_entitat_fk, referencedTableName=ipa_entitat","","","4.4.3","()","","8218535166"
"init-constraint-20","limit (generated)","db/changelog/initial_schema_constraint.yaml","2023-10-25T09:22:16.647","70","EXECUTED","8:3121906a281ba18263bd8b0d38e45864","addForeignKeyConstraint baseTableName=ipa_domini, constraintName=ipa_domini_entitat_fk, referencedTableName=ipa_entitat","","","4.4.3","()","","8218535166"
"init-constraint-21","limit (generated)","db/changelog/initial_schema_constraint.yaml","2023-10-25T09:22:16.659","71","EXECUTED","8:6c326085ac3d00eba92c133431d0831c","addForeignKeyConstraint baseTableName=ipa_grup, constraintName=ipa_grup_entitat_fk, referencedTableName=ipa_entitat","","","4.4.3","()","","8218535166"
"init-constraint-23","limit (generated)","db/changelog/initial_schema_constraint.yaml","2023-10-25T09:22:16.671","72","EXECUTED","8:450612991f22dea31966d961d86e528c","addForeignKeyConstraint baseTableName=ipa_metanode, constraintName=ipa_metanode_entitat_fk, referencedTableName=ipa_entitat","","","4.4.3","()","","8218535166"
"init-constraint-24","limit (generated)","db/changelog/initial_schema_constraint.yaml","2023-10-25T09:22:16.682","73","EXECUTED","8:1f984dda72540ddace65234582a3f1a7","addForeignKeyConstraint baseTableName=ipa_organ_gestor, constraintName=ipa_organ_gestor_entitat_fk, referencedTableName=ipa_entitat","","","4.4.3","()","","8218535166"
"init-constraint-25","limit (generated)","db/changelog/initial_schema_constraint.yaml","2023-10-25T09:22:16.693","74","EXECUTED","8:e376a881c67e348b5b08a68f47cc885c","addForeignKeyConstraint baseTableName=ipa_registre, constraintName=ipa_registre_entitat_fk, referencedTableName=ipa_entitat","","","4.4.3","()","","8218535166"
"init-constraint-26","limit (generated)","db/changelog/initial_schema_constraint.yaml","2023-10-25T09:22:16.705","75","EXECUTED","8:101739f1fe1cb41fafb66bf54b27e656","addForeignKeyConstraint baseTableName=ipa_tipus_documental, constraintName=ipa_tipus_docmntl_entitat_fk, referencedTableName=ipa_entitat","","","4.4.3","()","","8218535166"
"init-constraint-27","limit (generated)","db/changelog/initial_schema_constraint.yaml","2023-10-25T09:22:16.717","76","EXECUTED","8:526ebdacb85eee4f5b02f81499014813","addForeignKeyConstraint baseTableName=ipa_massiva_contingut, constraintName=ipa_mas_con_exe_mas_fk, referencedTableName=ipa_execucio_massiva","","","4.4.3","()","","8218535166"
"init-constraint-28","limit (generated)","db/changelog/initial_schema_constraint.yaml","2023-10-25T09:22:16.729","77","EXECUTED","8:67de06f188632277bae1291965ba461a","addForeignKeyConstraint baseTableName=ipa_contingut, constraintName=ipa_contingut_expedient_fk, referencedTableName=ipa_expedient","","","4.4.3","()","","8218535166"
"init-constraint-29","limit (generated)","db/changelog/initial_schema_constraint.yaml","2023-10-25T09:22:16.741","78","EXECUTED","8:e72f6320fc4040ce8b636095e67b6544","addForeignKeyConstraint baseTableName=ipa_document_enviament, constraintName=ipa_doc_env_expedient_fk, referencedTableName=ipa_expedient","","","4.4.3","()","","8218535166"
"init-constraint-30","limit (generated)","db/changelog/initial_schema_constraint.yaml","2023-10-25T09:22:16.752","79","EXECUTED","8:a69a0a1d9e930c84f5b61237dcbcaba3","addForeignKeyConstraint baseTableName=ipa_expedient_interessat, constraintName=ipa_exp_int_expedient_fk, referencedTableName=ipa_expedient","","","4.4.3","()","","8218535166"
"init-constraint-31","limit (generated)","db/changelog/initial_schema_constraint.yaml","2023-10-25T09:22:16.764","80","EXECUTED","8:95ab6362a8dde24880053d3b94351a18","addForeignKeyConstraint baseTableName=ipa_expedient_rel, constraintName=ipa_exp_rel_expedient_fk, referencedTableName=ipa_expedient","","","4.4.3","()","","8218535166"
"init-constraint-32","limit (generated)","db/changelog/initial_schema_constraint.yaml","2023-10-25T09:22:16.777","81","EXECUTED","8:49a7ab2b7d1db65f550418800e9e289d","addForeignKeyConstraint baseTableName=ipa_expedient_seguidor, constraintName=ipa_exp_seg_expedient_fk, referencedTableName=ipa_expedient","","","4.4.3","()","","8218535166"
"init-constraint-33","limit (generated)","db/changelog/initial_schema_constraint.yaml","2023-10-25T09:22:16.79","82","EXECUTED","8:d52c0154bca78fd9a7a2dd3bdef4291a","addForeignKeyConstraint baseTableName=ipa_interessat, constraintName=ipa_interessat_expedient_fk, referencedTableName=ipa_expedient","","","4.4.3","()","","8218535166"
"init-constraint-34","limit (generated)","db/changelog/initial_schema_constraint.yaml","2023-10-25T09:22:16.803","83","EXECUTED","8:cea4ecaa67665f82e670a554679669b5","addForeignKeyConstraint baseTableName=ipa_expedient, constraintName=ipa_expedient_exp_estat_fk, referencedTableName=ipa_expedient_estat","","","4.4.3","()","","8218535166"
"init-constraint-35","limit (generated)","db/changelog/initial_schema_constraint.yaml","2023-10-25T09:22:16.816","84","EXECUTED","8:737b6a3606f4b1008cf535c28aeb971d","addForeignKeyConstraint baseTableName=ipa_expedient_organpare, constraintName=ipa_exp_orgpare_expedient_fk, referencedTableName=ipa_expedient","","","4.4.3","()","","8218535166"
"init-constraint-36","limit (generated)","db/changelog/initial_schema_constraint.yaml","2023-10-25T09:22:16.828","85","EXECUTED","8:3da49cf4b276312421ed812e772a82d3","addForeignKeyConstraint baseTableName=ipa_expedient_organpare, constraintName=ipa_exp_orgpare_mexp_org_fk, referencedTableName=ipa_metaexp_organ","","","4.4.3","()","","8218535166"
"init-constraint-37","limit (generated)","db/changelog/initial_schema_constraint.yaml","2023-10-25T09:22:16.84","86","EXECUTED","8:6da7abcc189ad4704c570db0e5049242","addForeignKeyConstraint baseTableName=ipa_expedient_organpare, constraintName=ipa_exp_orgpare_createdby_fk, referencedTableName=ipa_usuari","","","4.4.3","()","","8218535166"
"init-constraint-38","limit (generated)","db/changelog/initial_schema_constraint.yaml","2023-10-25T09:22:16.853","87","EXECUTED","8:080e16b9bd30b8f0708e28ca2df47ed5","addForeignKeyConstraint baseTableName=ipa_expedient_organpare, constraintName=ipa_exp_orgpare_lastmodby_fk, referencedTableName=ipa_usuari","","","4.4.3","()","","8218535166"
"init-constraint-39","limit (generated)","db/changelog/initial_schema_constraint.yaml","2023-10-25T09:22:16.864","88","EXECUTED","8:95734a5ad873400b183907483ce288c1","addForeignKeyConstraint baseTableName=ipa_expedient_rel, constraintName=ipa_exp_rel_exprel_fk, referencedTableName=ipa_expedient","","","4.4.3","()","","8218535166"
"init-constraint-40","limit (generated)","db/changelog/initial_schema_constraint.yaml","2023-10-25T09:22:16.875","89","EXECUTED","8:6eac57c0ac07b738f7c9b6b18989f7b2","addForeignKeyConstraint baseTableName=ipa_exp_comment, constraintName=ipa_exp_com_expedient_fk, referencedTableName=ipa_expedient","","","4.4.3","()","","8218535166"
"init-constraint-41","limit (generated)","db/changelog/initial_schema_constraint.yaml","2023-10-25T09:22:16.886","90","EXECUTED","8:af118f22bf55b33fdfb5dbb831dcbd12","addForeignKeyConstraint baseTableName=ipa_expedient_tasca, constraintName=ipa_exp_tasca_expedient_fk, referencedTableName=ipa_expedient","","","4.4.3","()","","8218535166"
"init-constraint-42","limit (generated)","db/changelog/initial_schema_constraint.yaml","2023-10-25T09:22:16.898","91","EXECUTED","8:e1bd3432a1dba6f2eefb70c35a3ee51b","addForeignKeyConstraint baseTableName=ipa_expedient, constraintName=ipa_expedient_grup_fk, referencedTableName=ipa_grup","","","4.4.3","()","","8218535166"
"init-constraint-43","limit (generated)","db/changelog/initial_schema_constraint.yaml","2023-10-25T09:22:16.911","92","EXECUTED","8:177bcefd2153e7cb95ba8c05a813e163","addForeignKeyConstraint baseTableName=ipa_metaexpedient_grup, constraintName=ipa_mexp_grup_grup_fk, referencedTableName=ipa_grup","","","4.4.3","()","","8218535166"
"init-constraint-44","limit (generated)","db/changelog/initial_schema_constraint.yaml","2023-10-25T09:22:16.922","93","EXECUTED","8:b5a9d346884d604462975711a064b327","addForeignKeyConstraint baseTableName=ipa_historic, constraintName=ipa_historic_entitat_fk, referencedTableName=ipa_entitat","","","4.4.3","()","","8218535166"
"init-constraint-45","limit (generated)","db/changelog/initial_schema_constraint.yaml","2023-10-25T09:22:16.933","94","EXECUTED","8:221b05678e2f7d7128265b13d0c8e6cb","addForeignKeyConstraint baseTableName=ipa_historic, constraintName=ipa_historic_metaexp_fk, referencedTableName=ipa_metaexpedient","","","4.4.3","()","","8218535166"
"init-constraint-46","limit (generated)","db/changelog/initial_schema_constraint.yaml","2023-10-25T09:22:16.945","95","EXECUTED","8:667c2e6aab7a173604cb4cdd0933a9c4","addForeignKeyConstraint baseTableName=ipa_historic, constraintName=ipa_historic_org_ges_fk, referencedTableName=ipa_organ_gestor","","","4.4.3","()","","8218535166"
"init-constraint-47","limit (generated)","db/changelog/initial_schema_constraint.yaml","2023-10-25T09:22:16.957","96","EXECUTED","8:fddc9c62ca13ca38174d232003f4ba0a","addForeignKeyConstraint baseTableName=ipa_hist_exp_usuari, constraintName=ipa_hist_exp_usu_usuari_fk, referencedTableName=ipa_usuari","","","4.4.3","()","","8218535166"
"init-constraint-48","limit (generated)","db/changelog/initial_schema_constraint.yaml","2023-10-25T09:22:16.969","97","EXECUTED","8:6f71eb5aec0c5fa75e3506d3bf3e168f","addForeignKeyConstraint baseTableName=ipa_expedient_interessat, constraintName=ipa_exp_int_interessat_fk, referencedTableName=ipa_interessat","","","4.4.3","()","","8218535166"
"init-constraint-49","limit (generated)","db/changelog/initial_schema_constraint.yaml","2023-10-25T09:22:16.98","98","EXECUTED","8:520810cbb1823c0c214ac1954aa0d314","addForeignKeyConstraint baseTableName=ipa_dada, constraintName=ipa_dada_metadada_fk, referencedTableName=ipa_metadada","","","4.4.3","()","","8218535166"
"init-constraint-51","limit (generated)","db/changelog/initial_schema_constraint.yaml","2023-10-25T09:22:16.993","99","EXECUTED","8:c02acfee6a3995b39224e27c8e267835","addForeignKeyConstraint baseTableName=ipa_expedient_tasca, constraintName=ipa_exp_tasca_mext_tasca_fk, referencedTableName=ipa_metaexp_tasca","","","4.4.3","()","","8218535166"
"init-constraint-52","limit (generated)","db/changelog/initial_schema_constraint.yaml","2023-10-25T09:22:17.005","100","EXECUTED","8:6313bedc909fb217102df78aa9a08b25","addForeignKeyConstraint baseTableName=ipa_expedient_estat, constraintName=ipa_exp_est_metaexp_fk, referencedTableName=ipa_metaexpedient","","","4.4.3","()","","8218535166"
"init-constraint-53","limit (generated)","db/changelog/initial_schema_constraint.yaml","2023-10-25T09:22:17.016","101","EXECUTED","8:e3090ea1de785177073ef9726842f934","addForeignKeyConstraint baseTableName=ipa_expedient, constraintName=ipa_expedient_metaexp_fk, referencedTableName=ipa_metaexpedient","","","4.4.3","()","","8218535166"
"init-constraint-54","limit (generated)","db/changelog/initial_schema_constraint.yaml","2023-10-25T09:22:17.028","102","EXECUTED","8:27380fc4c7b5bbc65ee6fb3c75a73d21","addForeignKeyConstraint baseTableName=ipa_metadocument, constraintName=ipa_metadoc_metaexp_fk, referencedTableName=ipa_metaexpedient","","","4.4.3","()","","8218535166"
"init-constraint-56","limit (generated)","db/changelog/initial_schema_constraint.yaml","2023-10-25T09:22:17.04","103","EXECUTED","8:fc4a25604f935067890e93a3ba9ea332","addForeignKeyConstraint baseTableName=ipa_metaexpedient_grup, constraintName=ipa_metaexp_metaexpgrup_fk, referencedTableName=ipa_metaexpedient","","","4.4.3","()","","8218535166"
"init-constraint-57","limit (generated)","db/changelog/initial_schema_constraint.yaml","2023-10-25T09:22:17.052","104","EXECUTED","8:13d4f2236d90ac5c78ff14dfd62d46c9","addForeignKeyConstraint baseTableName=ipa_metaexp_organ, constraintName=ipa_mexp_org_metaexp_fk, referencedTableName=ipa_metaexpedient","","","4.4.3","()","","8218535166"
"init-constraint-58","limit (generated)","db/changelog/initial_schema_constraint.yaml","2023-10-25T09:22:17.064","105","EXECUTED","8:edf3c825e4ef6253551b201589a79d91","addForeignKeyConstraint baseTableName=ipa_metaexp_seq, constraintName=ipa_metaexp_seq_metaexp_fk, referencedTableName=ipa_metaexpedient","","","4.4.3","()","","8218535166"
"init-constraint-59","limit (generated)","db/changelog/initial_schema_constraint.yaml","2023-10-25T09:22:17.077","106","EXECUTED","8:f84982e13e3948987980d03c790a3a4e","addForeignKeyConstraint baseTableName=ipa_metaexp_tasca, constraintName=ipa_metaexp_tasca_metaexp_fk, referencedTableName=ipa_metaexpedient","","","4.4.3","()","","8218535166"
"init-constraint-60","limit (generated)","db/changelog/initial_schema_constraint.yaml","2023-10-25T09:22:17.089","107","EXECUTED","8:c49811f5994024f43e86bfc4c8e4e344","addForeignKeyConstraint baseTableName=ipa_metaexp_tasca, constraintName=ipa_mexp_tasca_exp_est_cre_fk, referencedTableName=ipa_expedient_estat","","","4.4.3","()","","8218535166"
"init-constraint-61","limit (generated)","db/changelog/initial_schema_constraint.yaml","2023-10-25T09:22:17.101","108","EXECUTED","8:2f8186fc2cebd51b09755c20bcdae492","addForeignKeyConstraint baseTableName=ipa_metaexp_tasca, constraintName=ipa_mexp_tasca_exp_est_fi_fk, referencedTableName=ipa_expedient_estat","","","4.4.3","()","","8218535166"
"init-constraint-63","limit (generated)","db/changelog/initial_schema_constraint.yaml","2023-10-25T09:22:17.112","109","EXECUTED","8:9eb742ccd03d10ae038d1720079aff81","addForeignKeyConstraint baseTableName=ipa_metadada, constraintName=ipa_metadada_metanode_fk, referencedTableName=ipa_metanode","","","4.4.3","()","","8218535166"
"init-constraint-64","limit (generated)","db/changelog/initial_schema_constraint.yaml","2023-10-25T09:22:17.123","110","EXECUTED","8:d142505b414e2ad5e1c536e7488788f9","addForeignKeyConstraint baseTableName=ipa_metadocument, constraintName=ipa_metadoc_metanode_fk, referencedTableName=ipa_metanode","","","4.4.3","()","","8218535166"
"init-constraint-65","limit (generated)","db/changelog/initial_schema_constraint.yaml","2023-10-25T09:22:17.135","111","EXECUTED","8:8b0a2f8d5280d6103314281300444530","addForeignKeyConstraint baseTableName=ipa_metaexpedient, constraintName=ipa_metaexp_metanode_fk, referencedTableName=ipa_metanode","","","4.4.3","()","","8218535166"
"init-constraint-66","limit (generated)","db/changelog/initial_schema_constraint.yaml","2023-10-25T09:22:17.148","112","EXECUTED","8:edf07f938a1ff440c69d2e4cf263334f","addForeignKeyConstraint baseTableName=ipa_node, constraintName=ipa_node_metanode_fk, referencedTableName=ipa_metanode","","","4.4.3","()","","8218535166"
"init-constraint-67","limit (generated)","db/changelog/initial_schema_constraint.yaml","2023-10-25T09:22:17.159","113","EXECUTED","8:02b6daf5a16a2530dc896fc666a50943","addForeignKeyConstraint baseTableName=ipa_dada, constraintName=ipa_dada_node_fk, referencedTableName=ipa_node","","","4.4.3","()","","8218535166"
"init-constraint-68","limit (generated)","db/changelog/initial_schema_constraint.yaml","2023-10-25T09:22:17.17","114","EXECUTED","8:f2c7cbebba2350000625622512be4cc9","addForeignKeyConstraint baseTableName=ipa_document, constraintName=ipa_document_node_fk, referencedTableName=ipa_node","","","4.4.3","()","","8218535166"
"init-constraint-69","limit (generated)","db/changelog/initial_schema_constraint.yaml","2023-10-25T09:22:17.18","115","EXECUTED","8:0c8e175f3fea69efb25af5c0c6b504cc","addForeignKeyConstraint baseTableName=ipa_expedient, constraintName=ipa_expedient_node_fk, referencedTableName=ipa_node","","","4.4.3","()","","8218535166"
"init-constraint-70","limit (generated)","db/changelog/initial_schema_constraint.yaml","2023-10-25T09:22:17.192","116","EXECUTED","8:77e14fe127715886350b051e4ff48549","addForeignKeyConstraint baseTableName=ipa_expedient, constraintName=ipa_expedient_org_ges_fk, referencedTableName=ipa_organ_gestor","","","4.4.3","()","","8218535166"
"init-constraint-71","limit (generated)","db/changelog/initial_schema_constraint.yaml","2023-10-25T09:22:17.203","117","EXECUTED","8:0c093eb685c086f10fac73ecf5f18d5a","addForeignKeyConstraint baseTableName=ipa_metaexpedient, constraintName=ipa_metaexp_org_ges_fk, referencedTableName=ipa_organ_gestor","","","4.4.3","()","","8218535166"
"init-constraint-72","limit (generated)","db/changelog/initial_schema_constraint.yaml","2023-10-25T09:22:17.215","118","EXECUTED","8:70908786aa7b1f5b6c0a4175a6faf385","addForeignKeyConstraint baseTableName=ipa_metaexp_organ, constraintName=ipa_metaexp_organ_org_ges_fk, referencedTableName=ipa_organ_gestor","","","4.4.3","()","","8218535166"
"init-constraint-73","limit (generated)","db/changelog/initial_schema_constraint.yaml","2023-10-25T09:22:17.227","119","EXECUTED","8:c17277277326f0b2f1775a4680422144","addForeignKeyConstraint baseTableName=ipa_contingut, constraintName=ipa_contingut_pare_fk, referencedTableName=ipa_contingut","","","4.4.3","()","","8218535166"
"init-constraint-74","limit (generated)","db/changelog/initial_schema_constraint.yaml","2023-10-25T09:22:17.238","120","EXECUTED","8:86189d1d6b6e192e054d17f0bee7159c","addForeignKeyConstraint baseTableName=ipa_cont_log, constraintName=ipa_cont_log_pare_fk, referencedTableName=ipa_cont_log","","","4.4.3","()","","8218535166"
"init-constraint-75","limit (generated)","db/changelog/initial_schema_constraint.yaml","2023-10-25T09:22:17.25","121","EXECUTED","8:2a1d7d21d6535579db779a03def7a90b","addForeignKeyConstraint baseTableName=ipa_metaexpedient, constraintName=ipa_metaexpedient_pare_fk, referencedTableName=ipa_metaexpedient","","","4.4.3","()","","8218535166"
"init-constraint-76","limit (generated)","db/changelog/initial_schema_constraint.yaml","2023-10-25T09:22:17.261","122","EXECUTED","8:43f40854bd1bc4938f5bb04dfb62edca","addForeignKeyConstraint baseTableName=ipa_expedient_seguidor, constraintName=ipa_exp_seg_usuari_fk, referencedTableName=ipa_usuari","","","4.4.3","()","","8218535166"
"init-constraint-77","limit (generated)","db/changelog/initial_schema_constraint.yaml","2023-10-25T09:22:17.272","123","EXECUTED","8:01aa4a39357d18700b1794c50a87a0b8","addForeignKeyConstraint baseTableName=ipa_registre_annex, constraintName=ipa_reg_annex_registre_fk, referencedTableName=ipa_registre","","","4.4.3","()","","8218535166"
"init-constraint-78","limit (generated)","db/changelog/initial_schema_constraint.yaml","2023-10-25T09:22:17.283","124","EXECUTED","8:be432b7239c546dd7335e01eef137fd8","addForeignKeyConstraint baseTableName=ipa_registre_interessat, constraintName=ipa_reg_int_registre_fk, referencedTableName=ipa_registre","","","4.4.3","()","","8218535166"
"init-constraint-79","limit (generated)","db/changelog/initial_schema_constraint.yaml","2023-10-25T09:22:17.294","125","EXECUTED","8:ddb2eac0e298c3b5760eec35c458f1ee","addForeignKeyConstraint baseTableName=ipa_expedient_peticio, constraintName=ipa_exp_pet_registre_fk, referencedTableName=ipa_registre","","","4.4.3","()","","8218535166"
"init-constraint-80","limit (generated)","db/changelog/initial_schema_constraint.yaml","2023-10-25T09:22:17.306","126","EXECUTED","8:54c16a0e4fc6d039bae1071a43b2563b","addForeignKeyConstraint baseTableName=ipa_cont_mov, constraintName=ipa_cont_mov_remitent_fk, referencedTableName=ipa_usuari","","","4.4.3","()","","8218535166"
"init-constraint-81","limit (generated)","db/changelog/initial_schema_constraint.yaml","2023-10-25T09:22:17.316","127","EXECUTED","8:43f5a4e5be3a3bcd3ab1f3fc876c695c","addForeignKeyConstraint baseTableName=ipa_interessat, constraintName=ipa_interessat_repres_fk, referencedTableName=ipa_interessat","","","4.4.3","()","","8218535166"
"init-constraint-82","limit (generated)","db/changelog/initial_schema_constraint.yaml","2023-10-25T09:22:17.328","128","EXECUTED","8:9d164591e15d0d07f038d4709e08e937","addForeignKeyConstraint baseTableName=ipa_usuari_viafirma_ripea, constraintName=ipa_usu_viaf_rip_usuari_fk, referencedTableName=ipa_usuari","","","4.4.3","()","","8218535166"
"init-constraint-83","limit (generated)","db/changelog/initial_schema_constraint.yaml","2023-10-25T09:22:17.339","129","EXECUTED","8:1825000c4f51ab13f9068f09e380c809","addForeignKeyConstraint baseTableName=ipa_portafirmes_block, constraintName=ipa_port_block_doc_env_fk, referencedTableName=ipa_document_enviament","","","4.4.3","()","","8218535166"
"init-constraint-84","limit (generated)","db/changelog/initial_schema_constraint.yaml","2023-10-25T09:22:17.35","130","EXECUTED","8:da368da343e02a0b94b61987e0b79a34","addForeignKeyConstraint baseTableName=ipa_portafirmes_block_info, constraintName=ipa_port_blo_info_pot_blo_fk, referencedTableName=ipa_portafirmes_block","","","4.4.3","()","","8218535166"
"init-constraint-85","limit (generated)","db/changelog/initial_schema_constraint.yaml","2023-10-25T09:22:17.361","131","EXECUTED","8:2db54ee308299993c66de497210acad0","addForeignKeyConstraint baseTableName=ipa_expedient_tasca, constraintName=ipa_exp_tasca_usuari_fk, referencedTableName=ipa_usuari","","","4.4.3","()","","8218535166"
"init-constraint-86","limit (generated)","db/changelog/initial_schema_constraint.yaml","2023-10-25T09:22:17.372","132","EXECUTED","8:e34c03ac9bed47f8e85abb76f3e83255","addForeignKeyConstraint baseTableName=ipa_alerta, constraintName=ipa_alerta_createdby_fk, referencedTableName=ipa_usuari","","","4.4.3","()","","8218535166"
"init-constraint-87","limit (generated)","db/changelog/initial_schema_constraint.yaml","2023-10-25T09:22:17.382","133","EXECUTED","8:49ff1bdb28fc7a4e267508ddc19e8ce4","addForeignKeyConstraint baseTableName=ipa_contingut, constraintName=ipa_contingut_createdby_fk, referencedTableName=ipa_usuari","","","4.4.3","()","","8218535166"
"init-constraint-88","limit (generated)","db/changelog/initial_schema_constraint.yaml","2023-10-25T09:22:17.393","134","EXECUTED","8:d33f4d30d92f1e55cbf1a5ae2d54c03c","addForeignKeyConstraint baseTableName=ipa_cont_log, constraintName=ipa_cont_log_createdby_fk, referencedTableName=ipa_usuari","","","4.4.3","()","","8218535166"
"init-constraint-89","limit (generated)","db/changelog/initial_schema_constraint.yaml","2023-10-25T09:22:17.404","135","EXECUTED","8:1339f42900efb63ba59b1933d8cf31e3","addForeignKeyConstraint baseTableName=ipa_cont_mov, constraintName=ipa_cont_mov_createdby_fk, referencedTableName=ipa_usuari","","","4.4.3","()","","8218535166"
"init-constraint-90","limit (generated)","db/changelog/initial_schema_constraint.yaml","2023-10-25T09:22:17.415","136","EXECUTED","8:8a7bb190590bcd52aa6f925bdd3edb82","addForeignKeyConstraint baseTableName=ipa_dada, constraintName=ipa_dada_createdby_fk, referencedTableName=ipa_usuari","","","4.4.3","()","","8218535166"
"init-constraint-91","limit (generated)","db/changelog/initial_schema_constraint.yaml","2023-10-25T09:22:17.426","137","EXECUTED","8:911c36959ed250c7c818d0e9ed984f11","addForeignKeyConstraint baseTableName=ipa_document_enviament, constraintName=ipa_doc_env_createdby_fk, referencedTableName=ipa_usuari","","","4.4.3","()","","8218535166"
"init-constraint-92","limit (generated)","db/changelog/initial_schema_constraint.yaml","2023-10-25T09:22:17.437","138","EXECUTED","8:82a38521e4a22a6a9659f40fb25a31f9","addForeignKeyConstraint baseTableName=ipa_entitat, constraintName=ipa_entitat_createdby_fk, referencedTableName=ipa_usuari","","","4.4.3","()","","8218535166"
"init-constraint-93","limit (generated)","db/changelog/initial_schema_constraint.yaml","2023-10-25T09:22:17.45","139","EXECUTED","8:f972da21fe406929b7b203a5658f20d5","addForeignKeyConstraint baseTableName=ipa_massiva_contingut, constraintName=ipa_mass_cont_createdby_fk, referencedTableName=ipa_usuari","","","4.4.3","()","","8218535166"
"init-constraint-94","limit (generated)","db/changelog/initial_schema_constraint.yaml","2023-10-25T09:22:17.462","140","EXECUTED","8:bc607f6619cc5aab821458fb70145152","addForeignKeyConstraint baseTableName=ipa_execucio_massiva, constraintName=ipa_exe_mass_createdby_fk, referencedTableName=ipa_usuari","","","4.4.3","()","","8218535166"
"init-constraint-95","limit (generated)","db/changelog/initial_schema_constraint.yaml","2023-10-25T09:22:17.476","141","EXECUTED","8:05c677b2422a6d4218b7df27ade19361","addForeignKeyConstraint baseTableName=ipa_exp_comment, constraintName=ipa_exp_com_createdby_fk, referencedTableName=ipa_usuari","","","4.4.3","()","","8218535166"
"init-constraint-96","limit (generated)","db/changelog/initial_schema_constraint.yaml","2023-10-25T09:22:17.489","142","EXECUTED","8:091303071aa8cb04862ea7b2f2932f1d","addForeignKeyConstraint baseTableName=ipa_interessat, constraintName=ipa_interessat_createdby_fk, referencedTableName=ipa_usuari","","","4.4.3","()","","8218535166"
"init-constraint-98","limit (generated)","db/changelog/initial_schema_constraint.yaml","2023-10-25T09:22:17.501","143","EXECUTED","8:c0227e22d0ed9c63f0539df1d4a034ae","addForeignKeyConstraint baseTableName=ipa_metadada, constraintName=ipa_metadada_createdby_fk, referencedTableName=ipa_usuari","","","4.4.3","()","","8218535166"
"init-constraint-99","limit (generated)","db/changelog/initial_schema_constraint.yaml","2023-10-25T09:22:17.514","144","EXECUTED","8:77466dc72d0c41b9af46e6ffa14fb39a","addForeignKeyConstraint baseTableName=ipa_metaexp_seq, constraintName=ipa_metaexp_seq_createdby_fk, referencedTableName=ipa_usuari","","","4.4.3","()","","8218535166"
"init-constraint-100","limit (generated)","db/changelog/initial_schema_constraint.yaml","2023-10-25T09:22:17.526","145","EXECUTED","8:b5ced1db80d3da4c722a68003a488cf3","addForeignKeyConstraint baseTableName=ipa_metaexp_tasca, constraintName=ipa_mexp_tasca_createdby_fk, referencedTableName=ipa_usuari","","","4.4.3","()","","8218535166"
"init-constraint-101","limit (generated)","db/changelog/initial_schema_constraint.yaml","2023-10-25T09:22:17.538","146","EXECUTED","8:e7a6c2cd882965ef6a9210922ccce0bc","addForeignKeyConstraint baseTableName=ipa_metanode, constraintName=ipa_metanode_createdby_fk, referencedTableName=ipa_usuari","","","4.4.3","()","","8218535166"
"init-constraint-102","limit (generated)","db/changelog/initial_schema_constraint.yaml","2023-10-25T09:22:17.551","147","EXECUTED","8:6ddff512b8dd06176910aca4363dbbf8","addForeignKeyConstraint baseTableName=ipa_alerta, constraintName=ipa_alerta_lastmodby_fk, referencedTableName=ipa_usuari","","","4.4.3","()","","8218535166"
"init-constraint-103","limit (generated)","db/changelog/initial_schema_constraint.yaml","2023-10-25T09:22:17.564","148","EXECUTED","8:bc9231541f21f351dd8cffeffa346d6c","addForeignKeyConstraint baseTableName=ipa_contingut, constraintName=ipa_contingut_lastmodby_fk, referencedTableName=ipa_usuari","","","4.4.3","()","","8218535166"
"init-constraint-104","limit (generated)","db/changelog/initial_schema_constraint.yaml","2023-10-25T09:22:17.578","149","EXECUTED","8:b84a2ae7c2073333869a35c1f1975037","addForeignKeyConstraint baseTableName=ipa_cont_log, constraintName=ipa_cont_log_lastmodby_fk, referencedTableName=ipa_usuari","","","4.4.3","()","","8218535166"
"init-constraint-105","limit (generated)","db/changelog/initial_schema_constraint.yaml","2023-10-25T09:22:17.59","150","EXECUTED","8:0035e974137b25dfa3e1143571a6f98a","addForeignKeyConstraint baseTableName=ipa_cont_mov, constraintName=ipa_cont_mov_lastmodby_fk, referencedTableName=ipa_usuari","","","4.4.3","()","","8218535166"
"init-constraint-106","limit (generated)","db/changelog/initial_schema_constraint.yaml","2023-10-25T09:22:17.604","151","EXECUTED","8:ae1fc3e2cd4d7c297aaeb220b1a89bfa","addForeignKeyConstraint baseTableName=ipa_dada, constraintName=ipa_dada_lastmodby_fk, referencedTableName=ipa_usuari","","","4.4.3","()","","8218535166"
"init-constraint-107","limit (generated)","db/changelog/initial_schema_constraint.yaml","2023-10-25T09:22:17.617","152","EXECUTED","8:46fe652bceaa438ca1536530f5c4f452","addForeignKeyConstraint baseTableName=ipa_document_enviament, constraintName=ipa_doc_env_lastmodby_fk, referencedTableName=ipa_usuari","","","4.4.3","()","","8218535166"
"init-constraint-108","limit (generated)","db/changelog/initial_schema_constraint.yaml","2023-10-25T09:22:17.629","153","EXECUTED","8:daca98b1b2b50715a8b1491026973e40","addForeignKeyConstraint baseTableName=ipa_entitat, constraintName=ipa_entitat_lastmodby_fk, referencedTableName=ipa_usuari","","","4.4.3","()","","8218535166"
"init-constraint-109","limit (generated)","db/changelog/initial_schema_constraint.yaml","2023-10-25T09:22:17.643","154","EXECUTED","8:59d0f1bf91e79e02f969b27a6e945ab0","addForeignKeyConstraint baseTableName=ipa_massiva_contingut, constraintName=ipa_mass_cont_lastmodby_fk, referencedTableName=ipa_usuari","","","4.4.3","()","","8218535166"
"init-constraint-110","limit (generated)","db/changelog/initial_schema_constraint.yaml","2023-10-25T09:22:17.658","155","EXECUTED","8:9c6e3e639431977934201f0de1f11aa3","addForeignKeyConstraint baseTableName=ipa_execucio_massiva, constraintName=ipa_exe_mass_lastmodby_fk, referencedTableName=ipa_usuari","","","4.4.3","()","","8218535166"
"init-constraint-111","limit (generated)","db/changelog/initial_schema_constraint.yaml","2023-10-25T09:22:17.671","156","EXECUTED","8:f48886a0e36585cb1cef6bb8b8fad602","addForeignKeyConstraint baseTableName=ipa_interessat, constraintName=ipa_interessat_lastmodby_fk, referencedTableName=ipa_usuari","","","4.4.3","()","","8218535166"
"init-constraint-113","limit (generated)","db/changelog/initial_schema_constraint.yaml","2023-10-25T09:22:17.683","157","EXECUTED","8:5993d02c5ced1cdf00431e97e46309e1","addForeignKeyConstraint baseTableName=ipa_metadada, constraintName=ipa_metadada_lastmodby_fk, referencedTableName=ipa_usuari","","","4.4.3","()","","8218535166"
"init-constraint-114","limit (generated)","db/changelog/initial_schema_constraint.yaml","2023-10-25T09:22:17.696","158","EXECUTED","8:9367188ccf033b0b2f7cb042351040e8","addForeignKeyConstraint baseTableName=ipa_metaexp_seq, constraintName=ipa_metaexp_seq_lastmodby_fk, referencedTableName=ipa_usuari","","","4.4.3","()","","8218535166"
"init-constraint-115","limit (generated)","db/changelog/initial_schema_constraint.yaml","2023-10-25T09:22:17.708","159","EXECUTED","8:198b3388da72056dcf533f9ec62886a5","addForeignKeyConstraint baseTableName=ipa_metaexp_tasca, constraintName=ipa_mexp_tasca_lastmodby_fk, referencedTableName=ipa_usuari","","","4.4.3","()","","8218535166"
"init-constraint-116","limit (generated)","db/changelog/initial_schema_constraint.yaml","2023-10-25T09:22:17.721","160","EXECUTED","8:7290c2d0d798163efd7ea902011ff1d3","addForeignKeyConstraint baseTableName=ipa_metanode, constraintName=ipa_metanode_lastmodby_fk, referencedTableName=ipa_usuari","","","4.4.3","()","","8218535166"
"init-constraint-117","limit (generated)","db/changelog/initial_schema_constraint.yaml","2023-10-25T09:22:17.734","161","EXECUTED","8:5a40d598ab842b389a56cdbc584c86da","addForeignKeyConstraint baseTableName=ipa_usuari_viafirma_ripea, constraintName=ipa_usu_viaf_rip_lastmodby_fk, referencedTableName=ipa_viafirma_usuari","","","4.4.3","()","","8218535166"
"init-constraint-118","limit (generated)","db/changelog/initial_schema_constraint.yaml","2023-10-25T09:22:17.748","162","EXECUTED","8:72fe924c431e1983f3c90ee4255bdc43","addUniqueConstraint constraintName=ipa_acl_sid_uk, tableName=ipa_acl_sid; addUniqueConstraint constraintName=ipa_acl_class_uk, tableName=ipa_acl_class; addUniqueConstraint constraintName=ipa_acl_oid_uk, tableName=ipa_acl_object_identity; addForeignKeyC...","","","4.4.3","()","","8218535166"
"init-index-2","limit (generated)","db/changelog/initial_schema_index.yaml","2023-10-25T09:22:17.762","163","EXECUTED","8:5b979ee55607fe96340a96f56ffd09c4","addUniqueConstraint constraintName=ipa_dada_mult_uk, tableName=ipa_dada","","","4.4.3","()","","8218535166"
"init-index-4","limit (generated)","db/changelog/initial_schema_index.yaml","2023-10-25T09:22:17.775","164","EXECUTED","8:6fe9c22be6aa617d5b01b56868d46a94","addUniqueConstraint constraintName=ipa_entitat_codi_uk, tableName=ipa_entitat","","","4.4.3","()","","8218535166"
"init-index-8","limit (generated)","db/changelog/initial_schema_index.yaml","2023-10-25T09:22:17.787","165","EXECUTED","8:be7be8cd93ec4f9b4c603469504d824c","addUniqueConstraint constraintName=ipa_expedient_seq_uk, tableName=ipa_expedient","","","4.4.3","()","","8218535166"
"init-index-10","limit (generated)","db/changelog/initial_schema_index.yaml","2023-10-25T09:22:17.798","166","EXECUTED","8:7a32fa16ddf282e4120430c5fdf372f9","addUniqueConstraint constraintName=ipa_metadada_metanode_codi_uk, tableName=ipa_metadada","","","4.4.3","()","","8218535166"
"init-index-12","limit (generated)","db/changelog/initial_schema_index.yaml","2023-10-25T09:22:17.81","167","EXECUTED","8:a0e1b7ffe128225322095db83bf58aa3","addUniqueConstraint constraintName=ipa_metadoc_metaexp_codi_uk, tableName=ipa_metadocument","","","4.4.3","()","","8218535166"
"init-index-14","limit (generated)","db/changelog/initial_schema_index.yaml","2023-10-25T09:22:17.821","168","EXECUTED","8:824e23064b04f713624252ec960fdc1d","addUniqueConstraint constraintName=ipa_metaexp_entitat_codi_uk, tableName=ipa_metaexpedient","","","4.4.3","()","","8218535166"
"init-index-16","limit (generated)","db/changelog/initial_schema_index.yaml","2023-10-25T09:22:17.834","169","EXECUTED","8:8078a77dc26cea3e658b0d782f3521ea","addUniqueConstraint constraintName=ipa_metaexp_seq_mult_uk, tableName=ipa_metaexp_seq","","","4.4.3","()","","8218535166"
"init-index-18","limit (generated)","db/changelog/initial_schema_index.yaml","2023-10-25T09:22:17.846","170","EXECUTED","8:b42a95a5a5d9c8f9caaacc05e34c7d54","addUniqueConstraint constraintName=ipa_metaexp_tasca_mult_uk, tableName=ipa_metaexp_tasca","","","4.4.3","()","","8218535166"
"init-index-22","limit (generated)","db/changelog/initial_schema_index.yaml","2023-10-25T09:22:17.858","171","EXECUTED","8:dcf583d29b9795a85b669a8c0b6fdf34","addUniqueConstraint constraintName=ipa_organ_gestor_uk, tableName=ipa_organ_gestor","","","4.4.3","()","","8218535166"
"init-index-25","limit (generated)","db/changelog/initial_schema_index.yaml","2023-10-25T09:22:17.87","172","EXECUTED","8:806818d4fea2433583db741acdd1a3d5","createIndex indexName=ipa_acl_class_oid_fk_i, tableName=ipa_acl_object_identity","","","4.4.3","()","","8218535166"
"init-index-26","limit (generated)","db/changelog/initial_schema_index.yaml","2023-10-25T09:22:17.881","173","EXECUTED","8:26c56d605b7cc0825e27df8e114f71d2","createIndex indexName=ipa_acl_oid_entry_fk_i, tableName=ipa_acl_entry","","","4.4.3","()","","8218535166"
"init-index-27","limit (generated)","db/changelog/initial_schema_index.yaml","2023-10-25T09:22:17.893","174","EXECUTED","8:51c702fe64841e5f23f8830031b8ded3","createIndex indexName=ipa_acl_parent_oid_fk_i, tableName=ipa_acl_object_identity","","","4.4.3","()","","8218535166"
"init-index-28","limit (generated)","db/changelog/initial_schema_index.yaml","2023-10-25T09:22:17.905","175","EXECUTED","8:3a0eb91b5b795eae2d5b7026b9c1d7c9","createIndex indexName=ipa_acl_sid_entry_fk_i, tableName=ipa_acl_entry","","","4.4.3","()","","8218535166"
"init-index-29","limit (generated)","db/changelog/initial_schema_index.yaml","2023-10-25T09:22:17.917","176","EXECUTED","8:65e0090473ccecf78424689dd0015d42","createIndex indexName=ipa_acl_sid_oid_fk_i, tableName=ipa_acl_object_identity","","","4.4.3","()","","8218535166"
"init-index-30","limit (generated)","db/changelog/initial_schema_index.yaml","2023-10-25T09:22:17.929","177","EXECUTED","8:5798ac2ef8b7a00dfcd018292c6c1b6e","createIndex indexName=ipa_expedient_agafatper_fk_i, tableName=ipa_expedient","","","4.4.3","()","","8218535166"
"init-index-31","limit (generated)","db/changelog/initial_schema_index.yaml","2023-10-25T09:22:17.94","178","EXECUTED","8:e3548f9feaa88ce74de1c7223b2da5ed","createIndex indexName=ipa_alerta_contingut_fk_i, tableName=ipa_alerta","","","4.4.3","()","","8218535166"
"init-index-32","limit (generated)","db/changelog/initial_schema_index.yaml","2023-10-25T09:22:17.952","179","EXECUTED","8:c2372d9b53b77372035d5fc41ffbe759","createIndex indexName=ipa_cont_log_contingut_fk_i, tableName=ipa_cont_log","","","4.4.3","()","","8218535166"
"init-index-33","limit (generated)","db/changelog/initial_schema_index.yaml","2023-10-25T09:22:17.963","180","EXECUTED","8:61e3ed4918059755de492b5c9a3d2026","createIndex indexName=ipa_cont_mov_contingut_fk_i, tableName=ipa_cont_mov","","","4.4.3","()","","8218535166"
"init-index-34","limit (generated)","db/changelog/initial_schema_index.yaml","2023-10-25T09:22:17.974","181","EXECUTED","8:bc37244347f28fbc9b7e87f601ade261","createIndex indexName=ipa_mass_cont_contingut_fk_i, tableName=ipa_massiva_contingut","","","4.4.3","()","","8218535166"
"init-index-35","limit (generated)","db/changelog/initial_schema_index.yaml","2023-10-25T09:22:17.986","182","EXECUTED","8:c2007648c6a4dc9738022c5017f52999","createIndex indexName=ipa_contingut_contmov_fk_i, tableName=ipa_contingut","","","4.4.3","()","","8218535166"
"init-index-36","limit (generated)","db/changelog/initial_schema_index.yaml","2023-10-25T09:22:17.997","183","EXECUTED","8:aae0205aa44fc92adaea1bc4cc1e917f","createIndex indexName=ipa_cont_log_contmov_fk_i, tableName=ipa_cont_log","","","4.4.3","()","","8218535166"
"init-index-37","limit (generated)","db/changelog/initial_schema_index.yaml","2023-10-25T09:22:18.01","184","EXECUTED","8:f3feb3c8e2be622147936ff236796b0e","createIndex indexName=ipa_cont_mov_desti_fk_i, tableName=ipa_cont_mov","","","4.4.3","()","","8218535166"
"init-index-38","limit (generated)","db/changelog/initial_schema_index.yaml","2023-10-25T09:22:18.021","185","EXECUTED","8:7c5d323d052162535fa9b7d4d523a9bf","createIndex indexName=ipa_doc_env_document_fk_i, tableName=ipa_document_enviament","","","4.4.3","()","","8218535166"
"init-index-39","limit (generated)","db/changelog/initial_schema_index.yaml","2023-10-25T09:22:18.033","186","EXECUTED","8:c081461007934184071a53673f626321","createIndex indexName=ipa_contingut_entitat_fk_i, tableName=ipa_contingut","","","4.4.3","()","","8218535166"
"init-index-40","limit (generated)","db/changelog/initial_schema_index.yaml","2023-10-25T09:22:18.044","187","EXECUTED","8:94fb429f06d6019dc120357dc8f36622","createIndex indexName=ipa_entitat_metanode_fk_i, tableName=ipa_metanode","","","4.4.3","()","","8218535166"
"init-index-41","limit (generated)","db/changelog/initial_schema_index.yaml","2023-10-25T09:22:18.055","188","EXECUTED","8:184218366dd6655ffdbb7719181e24b9","createIndex indexName=ipa_mass_cont_exemass_fk_i, tableName=ipa_massiva_contingut","","","4.4.3","()","","8218535166"
"init-index-42","limit (generated)","db/changelog/initial_schema_index.yaml","2023-10-25T09:22:18.067","189","EXECUTED","8:e19d5c0e5773a26f96fc60fd70f9c80d","createIndex indexName=ipa_EXPEDIENT_contingut_fk_i, tableName=ipa_contingut","","","4.4.3","()","","8218535166"
"init-index-43","limit (generated)","db/changelog/initial_schema_index.yaml","2023-10-25T09:22:18.079","190","EXECUTED","8:488881a6c32f371bfd67f8b5fe4e2354","createIndex indexName=ipa_doc_env_expedient_fk_i, tableName=ipa_document_enviament","","","4.4.3","()","","8218535166"
"init-index-44","limit (generated)","db/changelog/initial_schema_index.yaml","2023-10-25T09:22:18.092","191","EXECUTED","8:cedb51d4de5a51628f1c89948c8ad437","createIndex indexName=ipa_exp_int_expedient_fk_i, tableName=ipa_expedient_interessat","","","4.4.3","()","","8218535166"
"init-index-45","limit (generated)","db/changelog/initial_schema_index.yaml","2023-10-25T09:22:18.104","192","EXECUTED","8:dff18e137376c978f98f1319d7bc1b42","createIndex indexName=ipa_exp_seg_expedient_fk_i, tableName=ipa_expedient_seguidor","","","4.4.3","()","","8218535166"
"init-index-46","limit (generated)","db/changelog/initial_schema_index.yaml","2023-10-25T09:22:18.115","193","EXECUTED","8:d4ab66928e1deccb39feadd607a02746","createIndex indexName=ipa_interessat_expedient_fk_i, tableName=ipa_interessat","","","4.4.3","()","","8218535166"
"init-index-47","limit (generated)","db/changelog/initial_schema_index.yaml","2023-10-25T09:22:18.126","194","EXECUTED","8:176cd1bb16cd18eb346479b21ab5794c","createIndex indexName=ipa_exp_int_interessat_fk_i, tableName=ipa_expedient_interessat","","","4.4.3","()","","8218535166"
"init-index-48","limit (generated)","db/changelog/initial_schema_index.yaml","2023-10-25T09:22:18.137","195","EXECUTED","8:51149137a47b9dbeee0c9d86ea4d6a41","createIndex indexName=ipa_dada_metadada_fk_i, tableName=ipa_dada","","","4.4.3","()","","8218535166"
"init-index-50","limit (generated)","db/changelog/initial_schema_index.yaml","2023-10-25T09:22:18.149","196","EXECUTED","8:e30d950e8c8bb05e35605136c98ea7f3","createIndex indexName=ipa_metaexp_seq_metaexp_fk_i, tableName=ipa_metaexp_seq","","","4.4.3","()","","8218535166"
"init-index-52","limit (generated)","db/changelog/initial_schema_index.yaml","2023-10-25T09:22:18.16","197","EXECUTED","8:4d2ed65d5b05305746e9898afae12e31","createIndex indexName=ipa_node_metanode_fk_i, tableName=ipa_node","","","4.4.3","()","","8218535166"
"init-index-53","limit (generated)","db/changelog/initial_schema_index.yaml","2023-10-25T09:22:18.171","198","EXECUTED","8:f919585b4c3167373b1e0e0f59339708","createIndex indexName=ipa_dada_node_fk_i, tableName=ipa_dada","","","4.4.3","()","","8218535166"
"1620025951430-126","limit (generated)","db/changelog/initial_schema_index.yaml","2023-10-25T09:22:18.182","199","EXECUTED","8:e22845983e426092898eff5a0ee8bd83","createIndex indexName=ipa_cont_mov_origen_fk_i, tableName=ipa_cont_mov","","","4.4.3","()","","8218535166"
"init-index-54","limit (generated)","db/changelog/initial_schema_index.yaml","2023-10-25T09:22:18.194","200","EXECUTED","8:ae8816653bd63c4c5e717e876cd931a9","createIndex indexName=ipa_contingut_pare_fk_i, tableName=ipa_contingut","","","4.4.3","()","","8218535166"
"init-index-55","limit (generated)","db/changelog/initial_schema_index.yaml","2023-10-25T09:22:18.205","201","EXECUTED","8:42e6b2406e7981518b50b04f9e8abec2","createIndex indexName=ipa_cont_log_pare_fk_i, tableName=ipa_cont_log","","","4.4.3","()","","8218535166"
"init-index-56","limit (generated)","db/changelog/initial_schema_index.yaml","2023-10-25T09:22:18.217","202","EXECUTED","8:fd1b1cfd819fd985cb9e79c4db1bfd2e","createIndex indexName=ipa_metaexp_pare_fk_i, tableName=ipa_metaexpedient","","","4.4.3","()","","8218535166"
"init-index-57","limit (generated)","db/changelog/initial_schema_index.yaml","2023-10-25T09:22:18.229","203","EXECUTED","8:c708d15614b0bfb76abe732e48591b7a","createIndex indexName=ipa_expedient_seg_fk_i, tableName=ipa_expedient_seguidor","","","4.4.3","()","","8218535166"
"init-index-58","limit (generated)","db/changelog/initial_schema_index.yaml","2023-10-25T09:22:18.24","204","EXECUTED","8:ab10b158fb1798f668ef03b9587e1ba6","createIndex indexName=ipa_cont_mov_remitent_fk_i, tableName=ipa_cont_mov","","","4.4.3","()","","8218535166"
"init-index-59","limit (generated)","db/changelog/initial_schema_index.yaml","2023-10-25T09:22:18.252","205","EXECUTED","8:d516c68f32cfb83249cfe37f44a63c99","createIndex indexName=ipa_interessat_repres_fk_i, tableName=ipa_interessat","","","4.4.3","()","","8218535166"
"init-index-60","limit (generated)","db/changelog/initial_schema_index.yaml","2023-10-25T09:22:18.263","206","EXECUTED","8:54fa9fda246cb0c3d689d09a2101e598","createIndex indexName=ipa_alerta_createdby_fk_i, tableName=ipa_alerta","","","4.4.3","()","","8218535166"
"init-index-61","limit (generated)","db/changelog/initial_schema_index.yaml","2023-10-25T09:22:18.275","207","EXECUTED","8:93c2a889e07cbe7f68bbf074047dff8d","createIndex indexName=ipa_contingut_createdby_fk_i, tableName=ipa_contingut","","","4.4.3","()","","8218535166"
"init-index-62","limit (generated)","db/changelog/initial_schema_index.yaml","2023-10-25T09:22:18.288","208","EXECUTED","8:98e252a603ddf3926526f61bace9611f","createIndex indexName=ipa_cont_log_createdby_fk_i, tableName=ipa_cont_log","","","4.4.3","()","","8218535166"
"init-index-63","limit (generated)","db/changelog/initial_schema_index.yaml","2023-10-25T09:22:18.3","209","EXECUTED","8:17a930eaac817b5ad3c9fe26b0638223","createIndex indexName=ipa_cont_mov_createdby_fk_i, tableName=ipa_cont_mov","","","4.4.3","()","","8218535166"
"init-index-64","limit (generated)","db/changelog/initial_schema_index.yaml","2023-10-25T09:22:18.312","210","EXECUTED","8:9bd7059d1fd92743cc885872291210df","createIndex indexName=ipa_dada_createdby_fk_i, tableName=ipa_dada","","","4.4.3","()","","8218535166"
"init-index-65","limit (generated)","db/changelog/initial_schema_index.yaml","2023-10-25T09:22:18.324","211","EXECUTED","8:ec318134bb6dc3d87e91af0f3ce916d1","createIndex indexName=ipa_doc_env_createdby_fk_i, tableName=ipa_document_enviament","","","4.4.3","()","","8218535166"
"init-index-66","limit (generated)","db/changelog/initial_schema_index.yaml","2023-10-25T09:22:18.335","212","EXECUTED","8:daf6052e22ba8932388258c8290b7c0a","createIndex indexName=ipa_entitat_createdby_fk_i, tableName=ipa_entitat","","","4.4.3","()","","8218535166"
"init-index-67","limit (generated)","db/changelog/initial_schema_index.yaml","2023-10-25T09:22:18.347","213","EXECUTED","8:510a2ef9ab485f608e78a9ea63fc5149","createIndex indexName=ipa_mass_cont_createdby_fk_i, tableName=ipa_massiva_contingut","","","4.4.3","()","","8218535166"
"init-index-68","limit (generated)","db/changelog/initial_schema_index.yaml","2023-10-25T09:22:18.359","214","EXECUTED","8:7d1666dcbccdb419d25f2ec0ea3a4741","createIndex indexName=ipa_exec_mass_createdby_fk_i, tableName=ipa_execucio_massiva","","","4.4.3","()","","8218535166"
"init-index-69","limit (generated)","db/changelog/initial_schema_index.yaml","2023-10-25T09:22:18.373","215","EXECUTED","8:5fb31a4381abfc2ff5d2be3b20380604","createIndex indexName=ipa_interessat_createdby_fk_i, tableName=ipa_interessat","","","4.4.3","()","","8218535166"
"init-index-71","limit (generated)","db/changelog/initial_schema_index.yaml","2023-10-25T09:22:18.385","216","EXECUTED","8:d949af8ca27c645d141c9ebc2429d7c5","createIndex indexName=ipa_metadada_createdby_fk_i, tableName=ipa_metadada","","","4.4.3","()","","8218535166"
"init-index-72","limit (generated)","db/changelog/initial_schema_index.yaml","2023-10-25T09:22:18.398","217","EXECUTED","8:c523a9ae5b26ffe4f409dc3823d68bca","createIndex indexName=ipa_mexp_seq_createdby_fk_i, tableName=ipa_metaexp_seq","","","4.4.3","()","","8218535166"
"init-index-73","limit (generated)","db/changelog/initial_schema_index.yaml","2023-10-25T09:22:18.41","218","EXECUTED","8:5ac8c080c9f6669d7cc1b6454c059abf","createIndex indexName=ipa_metanode_createdby_fk_i, tableName=ipa_metanode","","","4.4.3","()","","8218535166"
"init-index-74","limit (generated)","db/changelog/initial_schema_index.yaml","2023-10-25T09:22:18.422","219","EXECUTED","8:6d5b49006ee8b2f5d2e398b1eee526a1","createIndex indexName=ipa_alerta_lastmodby_fk_i, tableName=ipa_alerta","","","4.4.3","()","","8218535166"
"init-index-75","limit (generated)","db/changelog/initial_schema_index.yaml","2023-10-25T09:22:18.434","220","EXECUTED","8:41b409ff16ce94912c5d2fb8564ff9cd","createIndex indexName=ipa_contingut_lastmodby_fk_i, tableName=ipa_contingut","","","4.4.3","()","","8218535166"
"init-index-76","limit (generated)","db/changelog/initial_schema_index.yaml","2023-10-25T09:22:18.446","221","EXECUTED","8:a393c3770f00bafea7963a6870845d8d","createIndex indexName=ipa_cont_log_lastmodby_fk_i, tableName=ipa_cont_log","","","4.4.3","()","","8218535166"
"init-index-77","limit (generated)","db/changelog/initial_schema_index.yaml","2023-10-25T09:22:18.458","222","EXECUTED","8:03b3133b974bb2547140ed624d629a59","createIndex indexName=ipa_cont_mov_lastmodby_fk_i, tableName=ipa_cont_mov","","","4.4.3","()","","8218535166"
"init-index-78","limit (generated)","db/changelog/initial_schema_index.yaml","2023-10-25T09:22:18.471","223","EXECUTED","8:8398fe917d1bd40dd2f78cfe70dbb9eb","createIndex indexName=ipa_dada_lastmodby_fk_i, tableName=ipa_dada","","","4.4.3","()","","8218535166"
"init-index-79","limit (generated)","db/changelog/initial_schema_index.yaml","2023-10-25T09:22:18.483","224","EXECUTED","8:77d2c17dc67dc49db59aa9f4135902e6","createIndex indexName=ipa_doc_env_lastmodby_fk_i, tableName=ipa_document_enviament","","","4.4.3","()","","8218535166"
"init-index-80","limit (generated)","db/changelog/initial_schema_index.yaml","2023-10-25T09:22:18.495","225","EXECUTED","8:cedb28c473090df9726167ab29a8165e","createIndex indexName=ipa_entitat_lastmodby_fk_i, tableName=ipa_entitat","","","4.4.3","()","","8218535166"
"init-index-81","limit (generated)","db/changelog/initial_schema_index.yaml","2023-10-25T09:22:18.507","226","EXECUTED","8:5122bf3fcf1317f7718f04095d609a96","createIndex indexName=ipa_mass_cont_lastmodby_fk_i, tableName=ipa_massiva_contingut","","","4.4.3","()","","8218535166"
"init-index-82","limit (generated)","db/changelog/initial_schema_index.yaml","2023-10-25T09:22:18.52","227","EXECUTED","8:7bfbda585d3e646b8e053f4644c169ec","createIndex indexName=ipa_exe_mass_lastmodby_fk_i, tableName=ipa_execucio_massiva","","","4.4.3","()","","8218535166"
"init-index-83","limit (generated)","db/changelog/initial_schema_index.yaml","2023-10-25T09:22:18.531","228","EXECUTED","8:c0c852e530ed6f768433acb90359dd94","createIndex indexName=ipa_nteressat_lastmodby_fk_i, tableName=ipa_interessat","","","4.4.3","()","","8218535166"
"init-index-85","limit (generated)","db/changelog/initial_schema_index.yaml","2023-10-25T09:22:18.544","229","EXECUTED","8:f9d08865b1534e31687750a64ab94bd1","createIndex indexName=ipa_metadada_lastmodby_fk_i, tableName=ipa_metadada","","","4.4.3","()","","8218535166"
"init-index-86","limit (generated)","db/changelog/initial_schema_index.yaml","2023-10-25T09:22:18.557","230","EXECUTED","8:1aad8bbe5476018133e07c132bdf31ab","createIndex indexName=ipa_metaexp_seq_lastmodby_fk_i, tableName=ipa_metaexp_seq","","","4.4.3","()","","8218535166"
"init-sequence-1","limit (generated)","db/changelog/initial_schema_sequence.yaml","2023-10-25T09:22:18.569","231","EXECUTED","8:61ccf2f4dbec753c0fbbb2524575f47f","createSequence sequenceName=ipa_hibernate_seq","","","4.4.3","()","","8218535166"
"init-sequence-2","limit (generated)","db/changelog/initial_schema_sequence.yaml","2023-10-25T09:22:18.581","232","EXECUTED","8:ab9f050167c60f1ce2221ab0e9ee433e","createSequence sequenceName=ipa_acl_sid_seq","","","4.4.3","()","","8218535166"
"init-sequence-3","limit (generated)","db/changelog/initial_schema_sequence.yaml","2023-10-25T09:22:18.593","233","EXECUTED","8:532ac64de42cc4bbc88dad49c0e7c83b","createSequence sequenceName=ipa_acl_class_seq","","","4.4.3","()","","8218535166"
"init-sequence-4","limit (generated)","db/changelog/initial_schema_sequence.yaml","2023-10-25T09:22:18.605","234","EXECUTED","8:6c6ff4355f1604f24057330dda8312d8","createSequence sequenceName=ipa_acl_oid_seq","","","4.4.3","()","","8218535166"
"init-sequence-5","limit (generated)","db/changelog/initial_schema_sequence.yaml","2023-10-25T09:22:18.62","235","EXECUTED","8:152d5bb9bed7c88aa38cc00da8dff991","createSequence sequenceName=ipa_acl_entry_seq","","","4.4.3","()","","8218535166"
"init-trigger-1","limit (generated)","db/changelog/initial_schema_trigger.yaml","2023-10-25T09:22:18.64","236","EXECUTED","8:df7e316a8a11c06f51ea1fffd7041f63","sql; sql; sql; sql","","","4.4.3","()","","8218535166"
"lob-1","limit (generated)","db/changelog/initial_schema_lob.yaml","2023-10-25T09:22:18.656","237","EXECUTED","8:5d76bd05b03dd15c625591a3e9465e18","sql","","","4.4.3","caib","","8218535166"
"lob-2","limit (generated)","db/changelog/initial_schema_lob.yaml","2023-10-25T09:22:18.67","238","EXECUTED","8:1ff0e1175d1b16648a6e2032bbf737cd","sql","","","4.4.3","caib","","8218535166"
"lob-3","limit (generated)","db/changelog/initial_schema_lob.yaml","2023-10-25T09:22:18.685","239","EXECUTED","8:d56a6d4a055e7b1de5fdbf872674ef22","sql","","","4.4.3","caib","","8218535166"
"lob-4","limit (generated)","db/changelog/initial_schema_lob.yaml","2023-10-25T09:22:18.699","240","EXECUTED","8:51e86f6f3418493c5f27b3cf15fb3a46","sql; sql","","","4.4.3","caib","","8218535166"
"lob-5","limit (generated)","db/changelog/initial_schema_lob.yaml","2023-10-25T09:22:18.713","241","EXECUTED","8:99097f77df5ff8a67248094a42a296f9","sql; sql","","","4.4.3","caib","","8218535166"
"init-grant-1","limit (generated)","db/changelog/initial_schema_grant.yaml","2023-10-25T09:22:18.733","242","EXECUTED","8:686c379d6e7a6cfae0347f37cb5897b6","sql","","","4.4.3","caib","","8218535166"
"1685347347557-1","limit","db/changelog/changes/0.9.100/1266.yaml","2023-10-25T09:22:18.749","243","EXECUTED","8:4e5515a2aa0a5c8230aee91ccd2b82da","addColumn tableName=ipa_tipus_documental; sql","","","4.4.3","()","","8218535166"
"1686225166612-1","limit","db/changelog/changes/0.9.100/1272.yaml","2023-10-25T09:22:18.765","244","EXECUTED","8:09496ebe6960932f2a7e0c6178d66130","addColumn tableName=ipa_document; insert tableName=ipa_config","","","4.4.3","()","","8218535166"
"1684938156277-1","limit","db/changelog/changes/0.9.100/1277.yaml","2023-10-25T09:22:18.783","245","EXECUTED","8:b5b227f4c51c51fbb6682d9adff5daf9","insert tableName=ipa_config","","","4.4.3","()","","8218535166"
"1685959664822-1","limit","db/changelog/changes/0.9.100/1279.yaml","2023-10-25T09:22:18.796","246","EXECUTED","8:f9ad0b7e4b9258c8cbaf6bc298617244","insert tableName=ipa_config","","","4.4.3","()","","8218535166"
"1682673428002-1","limit","db/changelog/changes/0.9.100/1280.yaml","2023-10-25T09:22:18.811","247","EXECUTED","8:8369a805c7038fb3ba48998311c8e79a","insert tableName=ipa_config; insert tableName=ipa_config; insert tableName=ipa_config; insert tableName=ipa_config; insert tableName=ipa_config; insert tableName=ipa_config; insert tableName=ipa_config; insert tableName=ipa_config; insert tableName=ipa...","","","4.4.3","()","","8218535166"
"1685959676540-1","limit","db/changelog/changes/0.9.100/1287.yaml","2023-10-25T09:22:18.825","248","EXECUTED","8:9c0ede3d83084e28d9783be914dbc4ac","insert tableName=ipa_config","","","4.4.3","()","","8218535166"
"1686745220463-1","limit","db/changelog/changes/0.9.100/1296.yaml","2023-10-25T09:22:18.838","249","EXECUTED","8:e944090c11b45ad5a6d89e38c67b4603","insert tableName=ipa_config","","","4.4.3","()","","8218535166"
"1691745729154-1","limit","db/changelog/changes/0.9.100/1326.yaml","2023-10-25T09:22:18.853","250","EXECUTED","8:c87cf89912e8b0049c728b2ea0c184c5","insert tableName=ipa_config","","","4.4.3","()","","8218535166"
"1692195649405-1","limit","db/changelog/changes/0.9.100/1328.yaml","2023-10-25T09:22:18.866","251","EXECUTED","8:99249f3ab92d8b54d221ee0b7f8be963","insert tableName=ipa_config","","","4.4.3","()","","8218535166"
"1688125180951-1","limit","db/changelog/changes/0.9.101/1302.yaml","2023-10-25T09:22:18.879","252","EXECUTED","8:e3199b3e7c89528b493ec3f4489a9933","insert tableName=ipa_config","","","4.4.3","()","","8218535166"
"1689325988450-1","limit","db/changelog/changes/0.9.101/1304.yaml","2023-10-25T09:22:18.897","253","EXECUTED","8:d6bb609e9c21b11f5b5991f21ccef697","addColumn tableName=ipa_expedient; createIndex indexName=ipa_expedient_tancat_prog_i, tableName=ipa_expedient; insert tableName=ipa_config; insert tableName=ipa_config; insert tableName=ipa_config","","","4.4.3","()","","8218535166"
"1692879211491-1","limit","db/changelog/changes/0.9.101/1311.yaml","2023-10-25T09:22:18.913","254","EXECUTED","8:b3013843951b5eaf84c24395915ad2b1","addColumn tableName=ipa_organ_gestor","","","4.4.3","()","","8218535166"
"1691495012174-1","limit","db/changelog/changes/0.9.101/1316.yaml","2023-10-25T09:22:18.929","255","EXECUTED","8:adee4933cb9007e1853ffddb819e2dd6","addColumn tableName=ipa_document_enviament; addColumn tableName=ipa_execucio_massiva; insert tableName=ipa_config","","","4.4.3","()","","8218535166"
"1695202086434-1","limit","db/changelog/changes/0.9.102/1317.yaml","2023-10-25T09:22:18.946","256","EXECUTED","8:6d6f60228f23622dbd7b65337c6e32df","addColumn tableName=ipa_massiva_contingut; sql","","","4.4.3","()","","8218535166"
"1693899071612-1","limit","db/changelog/changes/0.9.102/1332.yaml","2023-10-25T09:22:18.962","257","EXECUTED","8:42d63c1d7759393f10c651b2c066c0c6","addColumn tableName=ipa_expedient; createIndex indexName=ipa_expedient_reg_importats_i, tableName=ipa_expedient; addColumn tableName=ipa_contingut; sql","","","4.4.3","()","","8218535166"
"1694769935247-1","limit","db/changelog/changes/0.9.102/954.yaml","2023-10-25T09:22:18.977","258","EXECUTED","8:f54b5b7dd2ab9cad8edb9ed12e0dc796","insert tableName=ipa_config","","","4.4.3","()","","8218535166"
"1695297765581-1","limit","db/changelog/changes/0.9.103/1148.yaml","2023-10-25T09:22:18.992","259","EXECUTED","8:a87edd2d2f37389d8c0a70b32fd9708d","sql","","","4.4.3","()","","8218535166"
"1620634795427-1","limit","db/changelog/changes/0.9.83/694.yaml","2023-10-25T09:22:19.007","260","EXECUTED","8:3bace93bbba46a7151fa23e15473edd2","sql","","","4.4.3","()","","8218535166"
"1620384142961-1","limit","db/changelog/changes/0.9.83/767.yaml","2023-10-25T09:22:19.021","261","EXECUTED","8:c89efeb37c09ad250a22949b75481ce2","dropColumn columnName=meta_expedient_nom, tableName=ipa_expedient_peticio; addColumn tableName=ipa_expedient_peticio; addForeignKeyConstraint baseTableName=ipa_expedient_peticio, constraintName=ipa_exp_pet_metaexp_fk, referencedTableName=ipa_metaexpedi...","","","4.4.3","()","","8218535166"
"1624344931930-1","limit","db/changelog/changes/0.9.85/393.yaml","2023-10-25T09:22:19.036","262","EXECUTED","8:c8ac13a3e65cebfab24a2ff43d71eb38","addColumn tableName=ipa_metadocument","","","4.4.3","()","","8218535166"
"1624344931930-2","limit","db/changelog/changes/0.9.85/393.yaml","2023-10-25T09:22:19.05","263","EXECUTED","8:3de68a4b6ece8c410bd434a7b29a66a4","addColumn tableName=ipa_document","","","4.4.3","()","","8218535166"
"1623938344291-1","limit","db/changelog/changes/0.9.85/781.yaml","2023-10-25T09:22:19.063","264","EXECUTED","8:bdc514e58cbdff37201044640824e660","addColumn tableName=ipa_organ_gestor","","","4.4.3","()","","8218535166"
"1624438707915-1","limit","db/changelog/changes/0.9.85/798.yaml","2023-10-25T09:22:19.077","265","EXECUTED","8:19760eef7117ddcb9252d64ad7e0246a","addColumn tableName=ipa_usuari","","","4.4.3","()","","8218535166"
"1629371481-1","limit","db/changelog/changes/0.9.86/794.yaml","2023-10-25T09:22:19.091","266","EXECUTED","8:9dd4746b60f0320afaf3146385f7168d","createTable tableName=IPA_CONFIG_GROUP; createTable tableName=IPA_CONFIG; createTable tableName=IPA_CONFIG_TYPE","","","4.4.3","()","","8218535166"
"1629371481-2","limit","db/changelog/changes/0.9.86/794.yaml","2023-10-25T09:22:19.143","267","EXECUTED","8:710d7892921166176db6582ddddaad04","sql; sql","","","4.4.3","()","","8218535166"
"1629371481-3","limit","db/changelog/changes/0.9.86/794.yaml","2023-10-25T09:22:19.162","268","EXECUTED","8:535814d83f367968fe1e512bd2a3413a","sql; sql","","","4.4.3","()","","8218535166"
"1629371481-4","limit","db/changelog/changes/0.9.86/794.yaml","2023-10-25T09:22:19.183","269","EXECUTED","8:bfc1881d7ffefd964c9699d74a4dd541","sql","","","4.4.3","()","","8218535166"
"1629371481-5","limit","db/changelog/changes/0.9.86/794.yaml","2023-10-25T09:22:19.206","270","EXECUTED","8:b83b51cf37b7451c3187bd6280e28fa4","sql","","","4.4.3","()","","8218535166"
"1624872722049-1","limit","db/changelog/changes/0.9.86/816.yaml","2023-10-25T09:22:19.222","271","EXECUTED","8:0ea3176817ef7b8e6d67d45790ea61bc","addColumn tableName=ipa_contingut","","","4.4.3","()","","8218535166"
"1629723033616-1","limit","db/changelog/changes/0.9.86/840.yaml","2023-10-25T09:22:19.237","272","EXECUTED","8:8a8ec866c95e6ae147d52f43d04dd584","addColumn tableName=ipa_metadocument","","","4.4.3","()","","8218535166"
"1631113854880-1","limit","db/changelog/changes/0.9.87/793.yaml","2023-10-25T09:22:19.26","273","EXECUTED","8:34f433d62dee59d9e3284645189e6cd1","addColumn tableName=ipa_contingut","","","4.4.3","()","","8218535166"
"1631518274200-1","limit","db/changelog/changes/0.9.87/793.yaml","2023-10-25T09:22:19.277","274","EXECUTED","8:30ffc10090562173ce5129ffe157d60c","addColumn tableName=ipa_interessat","","","4.4.3","()","","8218535166"
"1631714401851-1","limit","db/changelog/changes/0.9.87/793.yaml","2023-10-25T09:22:19.295","275","EXECUTED","8:451ed451d5afd3bbabd843811bc96aaf","sql","","","4.4.3","()","","8218535166"
"1631782445445-1","limit","db/changelog/changes/0.9.87/793.yaml","2023-10-25T09:22:19.316","276","EXECUTED","8:bdfd5bdd8d4f8c6c4cb78a7300e9e6cf","addColumn tableName=ipa_contingut; addColumn tableName=ipa_interessat","","","4.4.3","()","","8218535166"
"1631862307800-1","limit","db/changelog/changes/0.9.87/851.yaml","2023-10-25T09:22:19.335","277","EXECUTED","8:616f4e75118d012a077e315f06eaf8ff","createTable tableName=IPA_EXPEDIENT_TASCA_RESP; addPrimaryKey constraintName=ipa_expedient_tasca_resp_pk, tableName=IPA_EXPEDIENT_TASCA_RESP; sql","","","4.4.3","()","","8218535166"
"1632905641063-2","limit","db/changelog/changes/0.9.87/851.yaml","2023-10-25T09:22:19.354","278","EXECUTED","8:1b9cdf08a2dbc924434d27578a329018","sql","","","4.4.3","()","","8218535166"
"1632905896660-3","limit","db/changelog/changes/0.9.87/851.yaml","2023-10-25T09:22:19.37","279","EXECUTED","8:7f0e533a5fcbd090d0fac17fd73dd4d5","sql; sql","","","4.4.3","()","","8218535166"
"1632906026254-4","limit","db/changelog/changes/0.9.87/851.yaml","2023-10-25T09:22:19.387","280","EXECUTED","8:d34f4533297316e37bbe3dd7de369383","sql; sql","","","4.4.3","()","","8218535166"
"1633679616019-1","limit","db/changelog/changes/0.9.87/863.yaml","2023-10-25T09:22:19.403","281","EXECUTED","8:96f687bbb03e9eac05c1fab350b1d430","sql","","","4.4.3","()","","8218535166"
"1634278381293-1","limit","db/changelog/changes/0.9.88/853.yaml","2023-10-25T09:22:19.419","282","EXECUTED","8:cb00d92fb233d2388607fab9305094cb","createTable tableName=ipa_metaexp_comment; addPrimaryKey constraintName=ipa_metaexp_comment_pk, tableName=ipa_metaexp_comment; addForeignKeyConstraint baseTableName=ipa_metaexp_comment, constraintName=ipa_metaexp_metaexpcomment_fk, referencedTableName=...","","","4.4.3","()","","8218535166"
"1638267492000-1","limit","db/changelog/changes/0.9.89/867.yaml","2023-10-25T09:22:19.435","283","EXECUTED","8:5bca695889cea9f980f682a6b681fae6","modifyDataType columnName=FIRMA_TIPUS, tableName=IPA_REGISTRE_ANNEX; modifyDataType columnName=TIPUS_MIME, tableName=IPA_REGISTRE_ANNEX; modifyDataType columnName=NOM, tableName=IPA_REGISTRE_ANNEX","","","4.4.3","()","","8218535166"
"1638267492000-2","limit","db/changelog/changes/0.9.89/877.yaml","2023-10-25T09:22:19.451","284","EXECUTED","8:99c99751980b238fafa483630f0956d1","sql","","","4.4.3","()","","8218535166"
"1638267492000-3","limit","db/changelog/changes/0.9.89/929.yaml","2023-10-25T09:22:19.468","285","EXECUTED","8:f07128ce215c16d33a24907f13f47b5d","sql","","","4.4.3","()","","8218535166"
"1644578219762-1","limit","db/changelog/changes/0.9.90/885.yaml","2023-10-25T09:22:19.483","286","EXECUTED","8:3f33eb776cd53953628df344084de594","addColumn tableName=ipa_document_enviament; addForeignKeyConstraint baseTableName=ipa_document_enviament, constraintName=ipa_organ_docenv_fk, referencedTableName=ipa_organ_gestor; sql","","","4.4.3","()","","8218535166"
"1643134688000-2","limit","db/changelog/changes/0.9.90/915.yaml","2023-10-25T09:22:19.499","287","EXECUTED","8:a319898f994b0b156a2109d4497acd20","sql","","","4.4.3","()","","8218535166"
"1642616819000-1","limit","db/changelog/changes/0.9.90/917.yaml","2023-10-25T09:22:19.518","288","EXECUTED","8:ed13ff358a3eb37453e49705ec0b7c1b","addColumn tableName=IPA_METADOCUMENT","","","4.4.3","()","","8218535166"
"1642616819000-2","limit","db/changelog/changes/0.9.90/931.yaml","2023-10-25T09:22:19.534","289","EXECUTED","8:4988f57fbb00223e9a994826d1b590dc","addColumn tableName=ipa_execucio_massiva","","","4.4.3","()","","8218535166"
"1645188456014-1","limit","db/changelog/changes/0.9.90/948.yaml","2023-10-25T09:22:19.549","290","EXECUTED","8:bc0c20eb02c3abe63856edbdc3564b5a","sql","","","4.4.3","()","","8218535166"
"1644841333349-1","limit","db/changelog/changes/0.9.91/934.yaml","2023-10-25T09:22:19.565","291","EXECUTED","8:a796eceeabcbe5911b9b8a1e0c96bd55","createTable tableName=ipa_exp_tasca_comment; addForeignKeyConstraint baseTableName=ipa_exp_tasca_comment, constraintName=ipa_exptasca_tascacomment_fk, referencedTableName=ipa_expedient_tasca; addForeignKeyConstraint baseTableName=ipa_exp_tasca_comment,...","","","4.4.3","()","","8218535166"
"1645715605000-1","limit","db/changelog/changes/0.9.92/940.yaml","2023-10-25T09:22:19.6","292","EXECUTED","8:c7521b1dad76455b97fb56eccceb88f2","modifyDataType columnName=CLASS, tableName=IPA_ACL_CLASS; modifyDataType columnName=SID, tableName=IPA_ACL_SID; modifyDataType columnName=TEXT, tableName=IPA_ALERTA; modifyDataType columnName=ERROR, tableName=IPA_ALERTA; modifyDataType columnName=CREAT...","","","4.4.3","()","","8218535166"
"1649068192899-1","limit","db/changelog/changes/0.9.93/1030.yaml","2023-10-25T09:22:19.616","293","EXECUTED","8:7bc24281c4d4e2f78b1bbac6c89aab34","sql","","","4.4.3","()","","8218535166"
"1649080293727-1","limit","db/changelog/changes/0.9.93/1030.yaml","2023-10-25T09:22:19.632","294","EXECUTED","8:115a58b8f04067b4f43e5c4cdd6aae69","addColumn tableName=ipa_carpeta; addForeignKeyConstraint baseTableName=ipa_carpeta, constraintName=ipa_carpeta_exprel_fk, referencedTableName=ipa_expedient","","","4.4.3","()","","8218535166"
"1649333286379-1","limit","db/changelog/changes/0.9.93/1033.yaml","2023-10-25T09:22:19.649","295","EXECUTED","8:04eb4600d750e805278aeeb4f7d07326","sql","","","4.4.3","()","","8218535166"
"1650447264424-1","limit","db/changelog/changes/0.9.93/1039.yaml","2023-10-25T09:22:19.668","296","EXECUTED","8:ffb9ff4657f33d060c2a883e831070ee","addColumn tableName=ipa_portafirmes_block_info","","","4.4.3","()","","8218535166"
"1651143025000-1","limit","db/changelog/changes/0.9.93/1043.yaml","2023-10-25T09:22:19.687","297","EXECUTED","8:e94871fad711413ea3fd20acd59b35ba","createTable tableName=IPA_AVIS; createIndex indexName=IPA_AVIS_DATA_INICI_I, tableName=IPA_AVIS; createIndex indexName=IPA_AVIS_DATA_FINAL_I, tableName=IPA_AVIS; sql","","","4.4.3","()","","8218535166"
"1654161395063-1","limit","db/changelog/changes/0.9.93/1084.yaml","2023-10-25T09:22:19.701","298","EXECUTED","8:1a63df9241d0b580db9c7d78d0c0c3ed","sql","","","4.4.3","()","","8218535166"
"1655365368195-1","limit","db/changelog/changes/0.9.93/1096.yaml","2023-10-25T09:22:19.718","299","EXECUTED","8:2b425341eb00a4dde73c26e0addaa70c","addColumn tableName=ipa_registre_annex; addForeignKeyConstraint baseTableName=ipa_registre_annex, constraintName=ipa_annex_document_fk, referencedTableName=ipa_document; sql","","","4.4.3","()","","8218535166"
"1657536749461-1","limit","db/changelog/changes/0.9.93/1109.yaml","2023-10-25T09:22:19.734","300","EXECUTED","8:9b80c01aae5860175de85e74ce42eb6e","addColumn tableName=ipa_registre_annex; addColumn tableName=ipa_document","","","4.4.3","()","","8218535166"
"1648212798512-1","limit","db/changelog/changes/0.9.93/937.yaml","2023-10-25T09:22:19.752","301","EXECUTED","8:ae33c7a9d123f8d3a0d2c6932aa86b94","addColumn tableName=ipa_metaexpedient; sql","","","4.4.3","()","","8218535166"
"1661173682991-1","limit","db/changelog/changes/0.9.94/1018.yaml","2023-10-25T09:22:19.769","302","EXECUTED","8:ce8766e79c9ff12a6a642ea70c6d9efb","sql","","","4.4.3","()","","8218535166"
"1651146740000-1","limit","db/changelog/changes/0.9.94/1019.yaml","2023-10-25T09:22:19.785","303","EXECUTED","8:8620f3d489bdfa3311d2c3fc3d9d7c37","sql","","","4.4.3","()","","8218535166"
"1662448389523-1","limit","db/changelog/changes/0.9.94/1023.yaml","2023-10-25T09:22:19.806","304","EXECUTED","8:2f91136b76e9796308ef629db3e619f0","addColumn tableName=ipa_metaexp_comment; sql","","","4.4.3","()","","8218535166"
"1651146740001-1","limit","db/changelog/changes/0.9.94/1111.yaml","2023-10-25T09:22:19.827","305","EXECUTED","8:14b6a4d90f031729dcb28d5ff63f5862","addColumn tableName=ipa_expedient_peticio; sql","","","4.4.3","()","","8218535166"
"1659009409606-1","limit","db/changelog/changes/0.9.94/1119.yaml","2023-10-25T09:22:19.849","306","EXECUTED","8:26d68a8e8ca6c5e3f8ca12ba0d5a9a2a","dropNotNullConstraint columnName=interessat_doc_num, tableName=ipa_hist_exp_interessat","","","4.4.3","()","","8218535166"
"1662715507467-1","limit","db/changelog/changes/0.9.94/1140.yaml","2023-10-25T09:22:19.865","307","EXECUTED","8:44a2d7df6675c229266b8c31e7fef5f1","sql","","","4.4.3","()","","8218535166"
"11651146740000-3","limit","db/changelog/changes/0.9.94/945.yaml","2023-10-25T09:22:19.895","308","EXECUTED","8:247cbe96b6908112e1d9808670faafdb","createTable tableName=IPA_PROCESSOS_INICIALS; addColumn tableName=ipa_config; sql; sql","","","4.4.3","()","","8218535166"
"1660919493847-1","limit","db/changelog/changes/0.9.95/1008.yaml","2023-10-25T09:22:19.919","309","EXECUTED","8:43776f9cc20ddc5b95bf96e89dd58fc6","sql","","","4.4.3","()","","8218535166"
"1653978777186-1","limit","db/changelog/changes/0.9.95/1063.yaml","2023-10-25T09:22:19.944","310","EXECUTED","8:31a9a0b0704ecdf300c1846c0b148fb0","addColumn tableName=ipa_metaexpedient; addColumn tableName=ipa_entitat; addColumn tableName=ipa_organ_gestor; addColumn tableName=ipa_avis; addColumn tableName=ipa_avis; createTable tableName=ipa_og_sinc_rel; addForeignKeyConstraint baseTableName=ipa_o...","","","4.4.3","()","","8218535166"
"1659525430753-1","limit","db/changelog/changes/0.9.95/1067.yaml","2023-10-25T09:22:19.974","311","EXECUTED","8:e4685782e113407341dd786b11d3a464","addColumn tableName=ipa_metadocument","","","4.4.3","()","","8218535166"
"1666773113019-1","limit","db/changelog/changes/0.9.95/1082.yaml","2023-10-25T09:22:19.991","312","EXECUTED","8:8b7d550781eb8e3f82767fb51611af61","addColumn tableName=ipa_expedient; sql","","","4.4.3","()","","8218535166"
"1660219576096-1","limit","db/changelog/changes/0.9.95/1123.yaml","2023-10-25T09:22:20.014","313","EXECUTED","8:a8ec7c82d7d94216b39ef412e21514b9","insert tableName=ipa_config","","","4.4.3","()","","8218535166"
"1662622106104-1","limit","db/changelog/changes/0.9.95/1137.yaml","2023-10-25T09:22:20.032","314","EXECUTED","8:f74f30070c17127cf03faeededc298e0","insert tableName=ipa_config","","","4.4.3","()","","8218535166"
"1663146757135-1","limit","db/changelog/changes/0.9.95/1142.yaml","2023-10-25T09:22:20.05","315","EXECUTED","8:4093c797a6df24b0fd92a2669530d471","insert tableName=ipa_config","","","4.4.3","()","","8218535166"
"1663075341965-1","limit","db/changelog/changes/0.9.95/1143.yaml","2023-10-25T09:22:20.068","316","EXECUTED","8:5a7ff86bcadc644de08d941bf179145a","insert tableName=ipa_config","","","4.4.3","()","","8218535166"
"1664193915343-1","limit","db/changelog/changes/0.9.95/1158.yaml","2023-10-25T09:22:20.088","317","EXECUTED","8:ffa1455ac7c680626d41507a17e6c599","insert tableName=ipa_config","","","4.4.3","()","","8218535166"
"1669215787742-1","limit","db/changelog/changes/0.9.96/1131.yaml","2023-10-25T09:22:20.107","318","EXECUTED","8:17e67491b86004da1b3e9e61c4a86b35","sql","","","4.4.3","()","","8218535166"
"1667905124779-1","limit","db/changelog/changes/0.9.96/1159.yaml","2023-10-25T09:22:20.127","319","EXECUTED","8:267fe06a12c3e207651e1adcd103c3c6","addColumn tableName=ipa_document; sql","","","4.4.3","()","","8218535166"
"1666869630834-1","limit","db/changelog/changes/0.9.96/1191.yaml","2023-10-25T09:22:20.149","320","EXECUTED","8:015bb1d8b466c507903899e46da0edfa","insert tableName=ipa_config","","","4.4.3","()","","8218535166"
"1667474333258-1","limit","db/changelog/changes/0.9.96/1195.yaml","2023-10-25T09:22:20.169","321","EXECUTED","8:316c9fa0fffc877d99a58d37e222454b","insert tableName=ipa_config","","","4.4.3","()","","8218535166"
"1668499633661-1","limit","db/changelog/changes/0.9.96/1200.yaml","2023-10-25T09:22:20.189","322","EXECUTED","8:f8003c3a3be945e774d19422cff9153c","addColumn tableName=ipa_interessat","","","4.4.3","()","","8218535166"
"1669384545265-1","limit","db/changelog/changes/0.9.96/1202.yaml","2023-10-25T09:22:20.207","323","EXECUTED","8:ce064c29a124349e7e88dd46e5a05352","insert tableName=ipa_config","","","4.4.3","()","","8218535166"
"1669819816681-1","limit","db/changelog/changes/0.9.96/1204.yaml","2023-10-25T09:22:20.225","324","EXECUTED","8:0cc177c5ab97610dc7a3021a94d87b37","insert tableName=ipa_config","","","4.4.3","()","","8218535166"
"1629371481-2","limit","db/changelog/changes/0.9.97/1122.yaml","2023-10-25T09:22:20.245","325","EXECUTED","8:b9b9b4e57f47d469ef0d2b46e2a8d45e","sql","","","4.4.3","()","","8218535166"
"1671191152106-1","limit","db/changelog/changes/0.9.97/1156.yaml","2023-10-25T09:22:20.264","326","EXECUTED","8:3914f9bcf1d7e3ad8a5a3f8894dd2d5f","addColumn tableName=ipa_organ_gestor","","","4.4.3","()","","8218535166"
"1673273997173-1","limit","db/changelog/changes/0.9.97/1157.yaml","2023-10-25T09:22:20.283","327","EXECUTED","8:8a469e84f99ad9a8037e92de9a74d21d","addColumn tableName=ipa_metadocument","","","4.4.3","()","","8218535166"
"1673857608869-1","limit","db/changelog/changes/0.9.97/1164.yaml","2023-10-25T09:22:20.309","328","EXECUTED","8:1908d849d4490fbc47851502ab2de455","addColumn tableName=ipa_config; sql","","","4.4.3","()","","8218535166"
"1670837833869-1","limit","db/changelog/changes/0.9.97/1208.yaml","2023-10-25T09:22:20.327","329","EXECUTED","8:c7f96e3f50715f7729fa37e97f29fbd2","addColumn tableName=ipa_metadada","","","4.4.3","()","","8218535166"
"1678274802658-1","limit","db/changelog/changes/0.9.97/1234.yaml","2023-10-25T09:22:20.345","330","EXECUTED","8:1f42415f939d2f979ebcdbee63778958","insert tableName=ipa_config","","","4.4.3","()","","8218535166"
"1677771425170-1","limit","db/changelog/changes/0.9.98/1186.yaml","2023-10-25T09:22:20.369","331","EXECUTED","8:2531665fbe13c3088887c891b7c5d0bf","addColumn tableName=ipa_document; addColumn tableName=ipa_usuari; addColumn tableName=ipa_metadocument","","","4.4.3","()","","8218535166"
"1678183976980-1","limit","db/changelog/changes/0.9.98/1231.yaml","2023-10-25T09:22:20.391","332","EXECUTED","8:30d97d0f449472f836414d9572049493","insert tableName=ipa_config","","","4.4.3","()","","8218535166"
"1678274802658-1","limit","db/changelog/changes/0.9.98/1232.yaml","2023-10-25T09:22:20.409","333","EXECUTED","8:8d1afaed95f04f1fc12761eb79aa7ce0","insert tableName=ipa_config","","","4.4.3","()","","8218535166"
"1678274802658-1","limit","db/changelog/changes/0.9.98/1269.yaml","2023-10-25T09:22:20.427","334","EXECUTED","8:c7ff817f729e757012357154a26cc589","insert tableName=ipa_config","","","4.4.3","()","","8218535166"
"1681300001535-1","limit","db/changelog/changes/0.9.99/1224.yaml","2023-10-25T09:22:20.448","335","EXECUTED","8:3b1aa58d62586752ab6b115f08deb61c","insert tableName=ipa_config; insert tableName=ipa_config","","","4.4.3","()","","8218535166"
"1680014851572-1","limit","db/changelog/changes/0.9.99/1225.yaml","2023-10-25T09:22:20.466","336","EXECUTED","8:39011137e043fe2e44f37bee90c7c645","addColumn tableName=ipa_document_enviament","","","4.4.3","()","","8218535166"
"1680693564552-1","limit","db/changelog/changes/0.9.99/1228.yaml","2023-10-25T09:22:20.483","337","EXECUTED","8:8c502d5c140afa4341cadd77bf416f3d","addColumn tableName=ipa_usuari; insert tableName=ipa_config","","","4.4.3","()","","8218535166"
"1678723004412-1","limit","db/changelog/changes/0.9.99/1233.yaml","2023-10-25T09:22:20.5","338","EXECUTED","8:211ae8ab7484f39954e03d226bbd4fad","insert tableName=ipa_config","","","4.4.3","()","","8218535166"
"1679321539857-1","limit","db/changelog/changes/0.9.99/1243.yaml","2023-10-25T09:22:20.517","339","EXECUTED","8:84938ac0fca6b51baa82f701d32298b0","insert tableName=ipa_config; addColumn tableName=ipa_metadada; addColumn tableName=ipa_metadada","","","4.4.3","()","","8218535166"
"1680168055519-1","limit","db/changelog/changes/0.9.99/1244.yaml","2023-10-25T09:22:20.535","340","EXECUTED","8:0c8cf5db5aa5746f1e7dc3f8c2239ded","addColumn tableName=ipa_organ_gestor; sql; sql","","","4.4.3","()","","8218535166"
"1680009173416-1","limit","db/changelog/changes/0.9.99/1248.yaml","2023-10-25T09:22:20.552","341","EXECUTED","8:ffad03ce8f2c25580bd2ed6ffec0439b","createTable tableName=IPA_URL_INSTRUCCION; addForeignKeyConstraint baseTableName=IPA_URL_INSTRUCCION, constraintName=IPA_URL_INSTRUCCION_ENT_fk, referencedTableName=IPA_ENTITAT; sql; insert tableName=ipa_config","","","4.4.3","()","","8218535166"
"1682673428002-1","limit","db/changelog/changes/0.9.99/1257.yaml","2023-10-25T09:22:20.571","342","EXECUTED","8:07e4352ba31345c600b91238b7bc28de","insert tableName=ipa_config_group; insert tableName=ipa_config; insert tableName=ipa_config; insert tableName=ipa_config; insert tableName=ipa_config; insert tableName=ipa_config; sql","","","4.4.3","()","","8218535166"
"1685627826297-1","limit","db/changelog/changes/0.9.99/1282.yaml","2023-10-25T09:22:20.588","343","EXECUTED","8:ad34cc22f1da34c1c119c6ff1566c08f","insert tableName=ipa_config","","","4.4.3","()","","8218535166"
"1680260169203-1","limit","db/changelog/changes/0.9.99/833.yaml","2023-10-25T09:22:20.605","344","EXECUTED","8:2275abad50eabf77799923f3dcff0704","insert tableName=ipa_config","","","4.4.3","()","","8218535166"
"1680608723206-1","limit","db/changelog/changes/0.9.99/930.yaml","2023-10-25T09:22:20.625","345","EXECUTED","8:d618890797c6f1cd0f9039ef58eda002","addColumn tableName=ipa_usuari","","","4.4.3","()","","8218535166"
"1697009246691-1","limit","db/changelog/changes/0.9.104/1041.yaml","2023-11-06T09:04:27.77","346","EXECUTED","8:8f013ca5c136c0f4fef7d6414ad24547","insert tableName=ipa_config","","","4.4.3","()","","9257867123"
"1697785157435-1","limit","db/changelog/changes/0.9.104/1369.yaml","2023-11-09T17:12:18.296","347","EXECUTED","8:d3098b32ce0e0b9da233676de9767489","createTable tableName=IPA_FLUX_FIRMA_USUARI; addForeignKeyConstraint baseTableName=IPA_FLUX_FIRMA_USUARI, constraintName=IPA_FLUX_FIRMA_USUARI_USU_FK, referencedTableName=IPA_USUARI; addForeignKeyConstraint baseTableName=IPA_FLUX_FIRMA_USUARI, constrai...","","","4.4.3","()","","9546337701"
"1699878361884-1","limit","db/changelog/changes/0.9.104/1172.yaml","2023-11-13T13:31:15.938","352","EXECUTED","8:ce8766e79c9ff12a6a642ea70c6d9efb","sql","","","4.4.3","()","","9878675525"
"1701433927769-1","limit","db/changelog/changes/0.9.105/1036.yaml","2023-12-05T20:18:51.108","353","EXECUTED","8:567201ca4019ce397587c637ed2ad39c","addColumn tableName=ipa_grup; sql","","","4.4.3","()","","1803930463"
"1700642617760-1","limit","db/changelog/changes/0.9.105/1188.yaml","2023-12-05T20:18:51.162","354","EXECUTED","8:3406077e0cac604984d327865b379b56","addColumn tableName=ipa_metaexpedient; sql","","","4.4.3","()","","1803930463"
"1700485243643-1","limit","db/changelog/changes/0.9.105/1300.yaml","2023-12-05T20:18:51.203","355","EXECUTED","8:3b0196597545409c587b81233115f716","addColumn tableName=ipa_usuari","","","4.4.3","()","","1803930463"
"1699353474116-1","limit","db/changelog/changes/0.9.105/1377.yaml","2023-12-05T20:18:51.245","356","EXECUTED","8:40b3e70f7880b608acf588384a284802","createTable tableName=ipa_consulta_pinbal; addPrimaryKey constraintName=ipa_consulta_pinbal_pk, tableName=ipa_consulta_pinbal; addForeignKeyConstraint baseTableName=ipa_consulta_pinbal, constraintName=ipa_entitat_pinbal_fk, referencedTableName=ipa_enti...","","","4.4.3","()","","1803930463"
"1699887361133-1","limit","db/changelog/changes/0.9.105/1382.yaml","2023-12-05T20:18:51.287","357","EXECUTED","8:a3126d2892569ac357aea6a390a3504e","insert tableName=ipa_config","","","4.4.3","()","","1803930463"
"1701419006016-1","limit","db/changelog/changes/0.9.105/1393.yaml","2023-12-05T20:18:51.345","358","EXECUTED","8:d6e128644fc9be45409f34b55477c4f1","insert tableName=ipa_config",,"","4.4.3","()","","1803930463"
